"","ID","round","moved","y"
"1",1,0,0,1
"2",1,1,0,1
"3",1,2,0,1
"4",1,3,0,1
"5",2,0,0,1
"6",2,1,0,1
"7",2,2,0,1
"8",2,3,0,1
"9",3,0,1,1
"10",3,1,1,0
"11",3,2,1,0
"12",3,3,1,0
"13",5,0,0,1
"14",5,1,0,1
"15",5,2,0,1
"16",5,3,0,1
"17",6,0,0,1
"18",6,1,0,1
"19",6,2,0,0
"20",6,3,0,1
"21",7,0,1,0
"22",7,1,0,1
"23",7,2,1,0
"24",7,3,1,1
"25",10,0,0,1
"26",10,1,0,1
"27",10,2,0,1
"28",10,3,0,1
"29",11,0,0,1
"30",11,1,0,1
"31",11,2,0,1
"32",11,3,0,1
"33",12,0,0,1
"34",12,1,0,1
"35",12,2,0,1
"36",12,3,0,1
"37",13,0,0,1
"38",13,1,0,1
"39",13,2,0,1
"40",13,3,0,1
"41",14,0,0,1
"42",14,1,0,1
"43",14,2,0,1
"44",14,3,0,1
"45",15,0,0,1
"46",15,1,0,0
"47",15,2,0,0
"48",15,3,0,1
"49",16,0,0,1
"50",16,1,0,1
"51",16,2,0,1
"52",16,3,0,1
"53",17,0,0,0
"54",17,1,0,0
"55",17,2,0,0
"56",17,3,0,0
"57",18,0,0,1
"58",18,1,0,1
"59",18,2,0,1
"60",18,3,0,1
"61",19,0,0,1
"62",19,1,0,1
"63",19,2,0,0
"64",19,3,0,1
"65",20,0,0,0
"66",20,1,0,0
"67",20,2,0,0
"68",20,3,0,0
"69",21,0,1,0
"70",21,1,0,0
"71",21,2,1,0
"72",21,3,1,0
"73",22,0,0,1
"74",22,1,0,1
"75",22,2,0,1
"76",22,3,0,1
"77",23,0,0,1
"78",23,1,0,1
"79",23,2,0,1
"80",23,3,0,1
"81",24,0,0,1
"82",24,1,0,1
"83",24,2,0,1
"84",24,3,0,1
"85",26,0,0,1
"86",26,1,0,1
"87",26,2,0,1
"88",26,3,0,1
"89",27,0,0,1
"90",27,1,0,1
"91",27,2,0,1
"92",27,3,0,1
"93",28,0,0,1
"94",28,1,0,1
"95",28,2,0,1
"96",28,3,0,1
"97",29,0,0,1
"98",29,1,0,1
"99",29,2,0,1
"100",29,3,0,0
"101",30,0,0,1
"102",30,1,0,1
"103",30,2,0,1
"104",30,3,0,1
"105",32,0,0,1
"106",32,1,0,1
"107",32,2,0,1
"108",32,3,0,1
"109",33,0,1,0
"110",33,1,1,1
"111",33,2,1,1
"112",33,3,1,1
"113",35,0,0,1
"114",35,1,0,1
"115",35,2,0,1
"116",35,3,0,1
"117",36,0,0,1
"118",36,1,0,1
"119",36,2,0,1
"120",36,3,0,1
"121",38,0,0,1
"122",38,1,0,1
"123",38,2,1,1
"124",38,3,1,0
"125",39,0,0,1
"126",39,1,0,1
"127",39,2,1,0
"128",39,3,1,0
"129",40,0,1,1
"130",40,1,0,1
"131",40,2,1,1
"132",40,3,1,0
"133",41,0,0,1
"134",41,1,0,1
"135",41,2,0,1
"136",41,3,0,1
"137",42,0,1,0
"138",42,1,0,1
"139",42,2,0,1
"140",42,3,0,1
"141",43,0,0,1
"142",43,1,0,1
"143",43,2,0,1
"144",43,3,0,1
"145",44,0,1,1
"146",44,1,1,0
"147",44,2,1,0
"148",44,3,1,1
"149",45,0,0,1
"150",45,1,0,1
"151",45,2,0,1
"152",45,3,0,1
"153",46,0,1,1
"154",46,1,1,1
"155",46,2,1,0
"156",46,3,1,1
"157",47,0,0,1
"158",47,1,0,1
"159",47,2,0,1
"160",47,3,0,1
"161",48,0,0,1
"162",48,1,0,1
"163",48,2,0,1
"164",48,3,0,1
"165",49,0,0,1
"166",49,1,0,1
"167",49,2,0,1
"168",49,3,0,1
"169",50,0,0,1
"170",50,1,0,1
"171",50,2,0,1
"172",50,3,0,1
"173",51,0,0,1
"174",51,1,0,1
"175",51,2,0,1
"176",51,3,0,1
"177",52,0,0,1
"178",52,1,0,1
"179",52,2,0,1
"180",52,3,0,1
"181",53,0,0,1
"182",53,1,0,1
"183",53,2,0,1
"184",53,3,0,1
"185",54,0,0,1
"186",54,1,0,1
"187",54,2,0,1
"188",54,3,0,1
"189",55,0,1,1
"190",55,1,1,1
"191",55,2,1,0
"192",55,3,1,1
"193",56,0,0,1
"194",56,1,0,1
"195",56,2,0,1
"196",56,3,0,1
"197",57,0,0,1
"198",57,1,0,1
"199",57,2,0,1
"200",57,3,0,1
"201",58,0,0,1
"202",58,1,0,1
"203",58,2,0,1
"204",58,3,0,1
"205",59,0,0,1
"206",59,1,0,1
"207",59,2,0,1
"208",59,3,0,1
"209",60,0,0,1
"210",60,1,0,1
"211",60,2,0,0
"212",60,3,0,1
"213",62,0,1,1
"214",62,1,1,1
"215",62,2,1,1
"216",62,3,1,0
"217",65,0,1,1
"218",65,1,1,0
"219",65,2,1,0
"220",65,3,1,0
"221",66,0,1,1
"222",66,1,1,1
"223",66,2,1,1
"224",66,3,1,1
"225",67,0,1,1
"226",67,1,1,0
"227",67,2,1,1
"228",67,3,1,1
"229",68,0,1,1
"230",68,1,1,0
"231",68,2,1,0
"232",68,3,1,0
"233",69,0,1,0
"234",69,1,1,0
"235",69,2,1,0
"236",69,3,1,0
"237",70,0,1,1
"238",70,1,1,0
"239",70,2,1,0
"240",70,3,0,0
"241",71,0,1,1
"242",71,1,1,0
"243",71,2,1,0
"244",71,3,1,0
"245",72,0,1,1
"246",72,1,1,0
"247",72,2,1,1
"248",72,3,1,0
"249",74,0,1,0
"250",74,1,1,1
"251",74,2,1,1
"252",74,3,1,0
"253",76,0,1,0
"254",76,1,1,0
"255",76,2,1,0
"256",76,3,1,1
"257",77,0,1,1
"258",77,1,0,0
"259",77,2,1,0
"260",77,3,0,0
"261",78,0,0,1
"262",78,1,0,1
"263",78,2,0,1
"264",78,3,0,1
"265",79,0,0,1
"266",79,1,0,0
"267",79,2,0,0
"268",79,3,0,0
"269",80,0,0,1
"270",80,1,0,1
"271",80,2,0,1
"272",80,3,0,1
"273",81,0,0,1
"274",81,1,0,1
"275",81,2,0,0
"276",81,3,0,1
"277",84,0,0,0
"278",84,1,1,1
"279",84,2,0,0
"280",84,3,0,0
"281",86,0,1,1
"282",86,1,1,0
"283",86,2,1,0
"284",86,3,1,0
"285",87,0,1,0
"286",87,1,1,0
"287",87,2,1,0
"288",87,3,1,0
"289",88,0,0,0
"290",88,1,0,0
"291",88,2,0,0
"292",88,3,0,0
"293",89,0,0,0
"294",89,1,0,0
"295",89,2,0,0
"296",89,3,0,0
"297",90,0,0,0
"298",90,1,0,1
"299",90,2,0,0
"300",90,3,0,1
"301",91,0,0,0
"302",91,1,0,1
"303",91,2,0,0
"304",91,3,0,1
"305",92,0,0,0
"306",92,1,0,0
"307",92,2,0,1
"308",92,3,0,1
"309",93,0,0,0
"310",93,1,0,1
"311",93,2,0,0
"312",93,3,0,1
"313",94,0,0,0
"314",94,1,0,1
"315",94,2,0,1
"316",94,3,0,1
"317",95,0,0,0
"318",95,1,0,0
"319",95,2,0,0
"320",95,3,0,1
"321",96,0,0,0
"322",96,1,0,1
"323",96,2,0,1
"324",96,3,0,1
"325",97,0,1,1
"326",97,1,1,0
"327",97,2,1,0
"328",97,3,1,0
"329",98,0,1,0
"330",98,1,1,0
"331",98,2,1,0
"332",98,3,1,1
"333",99,1,0,0
"334",99,2,1,0
"335",99,3,0,1
"336",102,0,0,1
"337",102,1,0,1
"338",102,2,0,1
"339",102,3,0,1
"340",103,0,0,1
"341",103,1,0,1
"342",103,2,0,1
"343",103,3,0,1
"344",104,0,0,1
"345",104,1,1,0
"346",104,2,1,1
"347",104,3,1,0
"348",105,0,0,1
"349",105,1,0,1
"350",105,2,0,1
"351",105,3,0,1
"352",106,0,0,1
"353",106,1,0,1
"354",106,2,0,1
"355",106,3,0,1
"356",107,0,0,1
"357",107,1,0,1
"358",107,2,0,1
"359",107,3,0,1
"360",108,0,0,1
"361",108,1,0,1
"362",108,2,0,1
"363",108,3,0,1
"364",109,0,0,1
"365",109,1,0,1
"366",109,2,0,1
"367",109,3,0,1
"368",110,0,0,1
"369",110,1,0,1
"370",110,2,0,1
"371",110,3,0,1
"372",111,0,1,1
"373",111,2,1,0
"374",111,3,1,0
"375",112,0,1,1
"376",112,1,1,1
"377",112,2,0,1
"378",112,3,0,1
"379",113,0,0,1
"380",113,1,0,1
"381",113,2,0,1
"382",113,3,0,1
"383",114,0,0,1
"384",114,1,0,1
"385",114,2,0,1
"386",114,3,0,1
"387",115,0,1,1
"388",115,1,1,0
"389",115,2,1,0
"390",115,3,1,0
"391",117,0,0,0
"392",117,1,0,1
"393",117,2,0,0
"394",117,3,0,0
"395",119,0,0,1
"396",119,1,0,0
"397",119,2,0,1
"398",119,3,0,1
"399",120,0,0,1
"400",120,1,0,0
"401",120,2,0,1
"402",120,3,1,1
"403",121,0,0,0
"404",121,1,0,0
"405",121,2,0,1
"406",121,3,0,1
"407",123,0,0,1
"408",123,1,0,1
"409",123,2,0,1
"410",123,3,0,1
"411",124,0,0,1
"412",124,1,0,1
"413",124,2,0,1
"414",124,3,0,1
"415",125,0,0,1
"416",125,1,0,1
"417",125,2,0,1
"418",125,3,0,1
"419",126,0,0,1
"420",126,1,0,1
"421",126,2,0,1
"422",126,3,0,1
"423",127,0,0,1
"424",127,1,0,1
"425",127,2,0,1
"426",127,3,0,1
"427",128,0,0,1
"428",128,1,0,1
"429",128,2,0,1
"430",128,3,0,1
"431",129,0,0,1
"432",129,1,0,1
"433",129,2,1,0
"434",129,3,0,1
"435",131,0,0,0
"436",131,1,0,1
"437",131,2,1,0
"438",131,3,1,1
"439",132,0,0,1
"440",132,1,0,1
"441",132,2,0,1
"442",132,3,0,1
"443",133,0,0,1
"444",133,1,0,1
"445",133,2,0,1
"446",133,3,0,1
"447",134,0,0,1
"448",134,1,0,1
"449",134,2,0,1
"450",134,3,0,1
"451",135,0,1,0
"452",135,1,1,0
"453",135,2,1,0
"454",135,3,1,0
"455",136,0,1,0
"456",136,1,1,1
"457",136,2,1,1
"458",136,3,1,0
"459",138,0,0,1
"460",138,1,0,1
"461",138,2,0,1
"462",138,3,0,1
"463",139,0,1,1
"464",139,1,1,0
"465",139,2,1,0
"466",139,3,1,0
"467",140,0,0,1
"468",140,1,0,1
"469",140,2,0,1
"470",140,3,0,1
"471",141,0,0,1
"472",141,1,0,1
"473",141,2,0,1
"474",141,3,1,1
"475",142,0,0,1
"476",142,1,0,1
"477",142,2,0,0
"478",142,3,0,1
"479",143,0,1,1
"480",143,1,0,1
"481",143,2,0,1
"482",143,3,0,1
"483",144,0,0,1
"484",144,1,1,0
"485",144,2,0,1
"486",144,3,0,1
"487",145,0,0,1
"488",145,1,0,1
"489",145,2,0,1
"490",145,3,0,1
"491",146,0,0,1
"492",146,1,0,0
"493",146,2,0,0
"494",146,3,0,0
"495",147,0,0,1
"496",147,1,0,1
"497",147,2,0,0
"498",147,3,0,1
"499",149,0,0,0
"500",149,1,0,0
"501",149,2,0,0
"502",149,3,0,1
"503",151,0,0,1
"504",151,1,0,0
"505",151,2,0,0
"506",151,3,0,1
"507",152,0,0,0
"508",152,1,0,0
"509",152,2,0,0
"510",152,3,0,1
"511",153,0,1,1
"512",153,1,1,0
"513",153,2,1,0
"514",153,3,1,0
"515",154,0,1,1
"516",154,1,1,0
"517",154,2,1,1
"518",154,3,1,0
"519",155,0,0,1
"520",155,1,0,1
"521",155,2,0,1
"522",155,3,0,1
"523",156,0,0,1
"524",156,1,0,1
"525",156,2,0,1
"526",156,3,1,1
"527",157,0,1,1
"528",157,1,1,0
"529",157,2,1,0
"530",157,3,1,1
"531",158,0,0,1
"532",158,1,0,1
"533",158,2,1,0
"534",158,3,1,0
"535",159,0,0,1
"536",159,1,0,1
"537",159,2,1,1
"538",159,3,1,0
"539",160,0,1,1
"540",160,1,1,0
"541",160,2,1,0
"542",160,3,1,0
"543",161,0,0,1
"544",161,1,0,1
"545",161,2,0,1
"546",161,3,0,1
"547",162,0,1,1
"548",162,1,1,1
"549",162,2,1,0
"550",162,3,0,0
"551",163,0,1,0
"552",163,1,1,1
"553",163,2,1,0
"554",163,3,1,1
"555",164,0,0,1
"556",164,1,0,1
"557",164,2,0,1
"558",164,3,0,1
"559",165,0,1,0
"560",165,1,1,0
"561",165,2,1,0
"562",165,3,1,1
"563",166,0,0,0
"564",166,1,0,0
"565",166,2,0,0
"566",166,3,0,1
"567",167,0,1,1
"568",167,1,1,0
"569",167,2,1,0
"570",167,3,1,0
"571",169,0,1,1
"572",169,1,1,1
"573",169,2,1,0
"574",170,0,1,0
"575",170,1,0,1
"576",170,2,1,1
"577",170,3,1,1
"578",171,0,0,1
"579",171,1,0,1
"580",171,2,0,1
"581",171,3,0,1
"582",175,0,0,1
"583",175,1,0,1
"584",175,2,0,1
"585",175,3,0,1
"586",176,0,0,1
"587",176,1,1,1
"588",176,2,1,1
"589",176,3,0,1
"590",177,0,1,1
"591",177,1,1,1
"592",177,2,1,1
"593",177,3,1,0
"594",179,0,0,1
"595",179,1,0,1
"596",179,2,0,1
"597",179,3,0,1
"598",180,0,0,1
"599",180,1,1,0
"600",180,2,0,1
"601",180,3,0,1
"602",183,0,1,0
"603",183,1,0,0
"604",183,2,1,0
"605",183,3,0,0
"606",187,0,1,1
"607",187,1,1,0
"608",187,2,1,0
"609",187,3,1,1
"610",189,0,1,1
"611",189,1,1,0
"612",189,2,1,0
"613",189,3,1,1
"614",192,0,0,1
"615",192,1,0,1
"616",192,2,0,1
"617",192,3,0,1
"618",194,0,0,1
"619",194,1,0,1
"620",194,2,0,1
"621",194,3,0,1
"622",197,0,0,1
"623",197,1,0,1
"624",197,2,0,1
"625",197,3,0,1
"626",198,0,0,1
"627",198,1,0,1
"628",198,2,0,1
"629",198,3,0,1
"630",199,0,0,1
"631",199,1,0,1
"632",199,2,0,1
"633",199,3,0,1
"634",200,0,1,1
"635",200,1,1,0
"636",200,2,1,0
"637",200,3,0,0
"638",202,0,0,1
"639",202,1,0,1
"640",202,2,0,1
"641",202,3,0,1
"642",204,0,0,1
"643",204,1,0,1
"644",204,2,0,1
"645",204,3,0,1
"646",205,0,0,1
"647",205,1,0,1
"648",205,2,0,1
"649",205,3,0,1
"650",206,0,0,1
"651",206,1,0,1
"652",206,2,0,1
"653",206,3,0,1
"654",207,0,1,1
"655",207,1,1,1
"656",207,2,1,0
"657",207,3,0,1
"658",209,0,0,1
"659",209,1,1,1
"660",209,2,1,1
"661",209,3,0,1
"662",211,0,1,1
"663",211,1,0,1
"664",211,2,1,1
"665",211,3,1,1
"666",213,0,1,1
"667",213,1,1,1
"668",213,2,1,0
"669",213,3,1,0
"670",215,0,0,1
"671",215,1,0,1
"672",215,2,0,1
"673",215,3,0,1
"674",216,0,0,1
"675",216,1,0,1
"676",216,2,0,1
"677",216,3,1,1
"678",217,0,0,1
"679",217,1,0,1
"680",217,2,0,1
"681",217,3,0,1
"682",218,0,0,1
"683",218,1,0,1
"684",218,2,0,1
"685",218,3,0,1
"686",219,0,0,1
"687",219,1,0,1
"688",219,2,0,1
"689",219,3,0,1
"690",220,0,0,1
"691",220,1,0,1
"692",220,2,0,1
"693",220,3,0,1
"694",221,0,1,1
"695",221,1,1,1
"696",221,2,1,1
"697",221,3,1,1
"698",222,0,0,1
"699",222,1,0,1
"700",222,2,0,1
"701",222,3,0,1
"702",223,0,0,1
"703",223,1,0,1
"704",223,2,0,1
"705",223,3,0,1
"706",224,0,0,1
"707",224,1,0,1
"708",224,2,0,1
"709",224,3,1,1
"710",225,0,0,1
"711",225,1,0,1
"712",225,2,0,1
"713",225,3,0,1
"714",226,0,0,0
"715",226,1,0,1
"716",226,2,0,0
"717",226,3,0,0
"718",227,0,0,1
"719",227,1,0,1
"720",227,2,0,1
"721",227,3,0,1
"722",228,0,0,1
"723",228,1,0,1
"724",228,2,0,1
"725",228,3,0,1
"726",229,0,0,1
"727",229,1,0,1
"728",229,2,0,1
"729",229,3,0,1
"730",231,0,1,1
"731",231,1,1,1
"732",231,2,1,1
"733",231,3,1,1
"734",232,0,0,1
"735",232,1,0,1
"736",232,2,0,1
"737",232,3,0,1
"738",233,0,1,1
"739",233,1,1,1
"740",233,2,1,0
"741",233,3,1,1
"742",234,0,0,1
"743",234,1,0,1
"744",234,2,0,1
"745",234,3,0,1
"746",235,0,0,1
"747",235,1,0,1
"748",235,2,0,1
"749",235,3,0,1
"750",236,0,0,1
"751",236,1,0,1
"752",236,2,0,1
"753",236,3,0,1
"754",237,0,0,1
"755",237,1,0,1
"756",237,2,0,1
"757",237,3,0,1
"758",239,0,1,1
"759",239,1,0,0
"760",239,2,1,0
"761",239,3,1,0
"762",240,0,1,1
"763",240,1,1,0
"764",240,2,1,0
"765",240,3,1,0
"766",242,0,1,1
"767",242,1,1,0
"768",242,2,1,1
"769",242,3,0,1
"770",244,0,1,0
"771",244,1,1,0
"772",244,2,1,0
"773",244,3,1,0
"774",245,0,1,1
"775",245,1,1,0
"776",245,2,1,1
"777",245,3,1,1
"778",246,0,0,1
"779",246,1,0,1
"780",246,2,0,1
"781",246,3,0,1
"782",252,0,1,1
"783",252,1,1,1
"784",252,2,1,1
"785",252,3,1,0
"786",253,0,1,1
"787",253,1,1,1
"788",253,2,1,1
"789",253,3,1,1
"790",255,0,0,1
"791",255,1,0,1
"792",255,2,0,0
"793",255,3,0,1
"794",257,0,1,1
"795",257,1,1,0
"796",257,2,0,1
"797",257,3,1,0
"798",258,0,1,1
"799",258,1,1,0
"800",258,2,1,0
"801",258,3,1,0
"802",260,0,1,0
"803",260,1,1,1
"804",260,2,1,1
"805",260,3,1,1
"806",262,0,1,1
"807",262,1,1,0
"808",262,2,1,0
"809",262,3,1,0
"810",263,0,1,1
"811",263,1,1,1
"812",263,2,1,1
"813",263,3,1,1
"814",264,0,0,1
"815",264,1,1,1
"816",264,2,0,1
"817",264,3,0,1
"818",265,0,1,1
"819",265,1,1,0
"820",265,2,1,1
"821",265,3,1,1
"822",266,0,1,1
"823",266,1,1,1
"824",266,2,1,0
"825",266,3,1,1
"826",267,0,1,1
"827",267,1,1,1
"828",267,2,1,1
"829",267,3,0,1
"830",268,0,0,1
"831",268,1,0,1
"832",268,2,0,1
"833",268,3,0,1
"834",270,0,1,0
"835",270,1,1,0
"836",270,2,1,1
"837",270,3,1,1
"838",272,0,1,0
"839",272,1,0,0
"840",272,2,1,0
"841",272,3,0,0
"842",273,0,1,0
"843",273,1,1,0
"844",273,2,1,0
"845",273,3,1,0
"846",274,0,0,1
"847",274,1,0,1
"848",274,2,1,1
"849",274,3,1,1
"850",275,0,1,0
"851",275,1,1,1
"852",275,2,1,1
"853",275,3,1,0
"854",276,0,1,1
"855",276,1,0,0
"856",276,2,1,0
"857",276,3,1,0
"858",277,0,1,0
"859",277,1,1,0
"860",277,2,1,0
"861",277,3,1,0
"862",278,0,1,1
"863",278,2,1,1
"864",278,3,1,0
"865",279,0,1,0
"866",279,1,1,0
"867",279,2,1,0
"868",279,3,1,0
"869",280,0,1,0
"870",280,1,1,0
"871",280,2,1,0
"872",280,3,1,0
"873",281,0,0,1
"874",281,1,0,1
"875",281,2,1,1
"876",281,3,1,1
"877",282,0,1,1
"878",282,1,1,1
"879",282,2,1,0
"880",282,3,1,0
"881",283,0,1,1
"882",283,1,0,0
"883",283,2,1,0
"884",283,3,1,0
"885",284,0,0,1
"886",284,1,1,0
"887",284,2,1,1
"888",284,3,1,1
"889",285,0,0,0
"890",285,1,0,0
"891",285,2,0,1
"892",285,3,0,1
"893",286,0,0,0
"894",286,1,0,1
"895",286,2,0,1
"896",286,3,0,1
"897",287,0,1,0
"898",287,1,1,0
"899",287,2,1,0
"900",287,3,1,0
"901",288,0,0,0
"902",288,1,0,0
"903",288,2,0,0
"904",288,3,0,0
"905",290,0,1,0
"906",290,1,1,1
"907",290,2,1,1
"908",290,3,0,1
"909",291,0,1,0
"910",291,1,1,1
"911",291,2,1,1
"912",291,3,1,0
"913",292,0,1,1
"914",292,1,1,0
"915",292,2,1,0
"916",292,3,1,0
"917",293,0,0,0
"918",293,1,0,1
"919",293,2,0,1
"920",293,3,1,1
"921",294,0,1,0
"922",294,1,1,0
"923",294,2,1,0
"924",294,3,1,1
"925",295,0,1,1
"926",295,1,1,0
"927",295,2,1,0
"928",295,3,1,0
"929",300,0,1,0
"930",300,1,1,0
"931",300,2,1,0
"932",300,3,1,0
"933",301,0,1,1
"934",301,1,1,1
"935",301,2,1,0
"936",301,3,1,1
"937",302,0,1,0
"938",302,1,1,0
"939",302,2,1,0
"940",302,3,1,1
"941",305,0,1,0
"942",305,1,1,0
"943",305,2,1,0
"944",305,3,1,1
"945",306,0,1,1
"946",306,1,1,0
"947",306,2,1,0
"948",306,3,1,0
"949",307,0,1,0
"950",307,1,1,1
"951",307,2,1,0
"952",307,3,1,0
"953",308,0,1,1
"954",308,1,1,0
"955",308,2,1,0
"956",308,3,1,1
"957",309,0,1,0
"958",309,1,1,0
"959",309,2,1,0
"960",309,3,1,0
"961",310,0,1,1
"962",310,1,1,1
"963",310,2,1,0
"964",310,3,1,0
"965",313,0,1,1
"966",313,1,1,0
"967",313,2,1,0
"968",313,3,1,0
"969",314,0,1,1
"970",314,1,1,0
"971",314,2,1,0
"972",314,3,1,0
"973",318,0,1,1
"974",318,1,1,0
"975",318,2,1,1
"976",318,3,1,0
"977",319,0,0,1
"978",319,1,1,0
"979",319,2,1,1
"980",319,3,1,1
"981",320,0,1,1
"982",320,1,1,1
"983",320,2,1,1
"984",320,3,1,1
"985",321,0,1,1
"986",321,1,1,1
"987",321,2,1,1
"988",321,3,1,1
"989",322,0,1,0
"990",322,1,1,0
"991",322,2,1,0
"992",322,3,1,0
"993",323,0,1,1
"994",323,1,1,0
"995",323,2,0,1
"996",323,3,1,1
"997",324,0,1,0
"998",324,1,1,1
"999",324,2,1,1
"1000",324,3,1,1
"1001",325,0,1,0
"1002",325,1,0,0
"1003",325,2,1,1
"1004",325,3,1,1
"1005",326,0,1,1
"1006",326,1,0,0
"1007",326,2,1,1
"1008",326,3,1,1
"1009",327,0,1,1
"1010",327,1,0,0
"1011",327,2,1,0
"1012",327,3,1,0
"1013",328,0,1,1
"1014",328,1,0,0
"1015",328,2,1,0
"1016",328,3,0,1
"1017",330,0,1,1
"1018",330,1,1,1
"1019",330,2,1,0
"1020",330,3,1,1
"1021",331,0,1,0
"1022",331,1,1,0
"1023",331,2,0,1
"1024",331,3,0,1
"1025",332,0,1,1
"1026",332,1,1,1
"1027",332,2,1,1
"1028",332,3,0,1
"1029",334,0,0,0
"1030",334,1,0,0
"1031",334,2,0,1
"1032",334,3,0,1
"1033",336,0,0,0
"1034",336,1,0,0
"1035",336,2,0,1
"1036",336,3,0,1
"1037",337,0,1,0
"1038",337,1,0,0
"1039",337,2,0,0
"1040",337,3,1,0
"1041",339,0,0,1
"1042",339,1,0,0
"1043",339,2,0,0
"1044",339,3,0,1
"1045",340,0,0,0
"1046",340,1,0,0
"1047",340,2,0,0
"1048",340,3,0,0
"1049",341,0,1,0
"1050",341,1,1,0
"1051",341,2,1,0
"1052",341,3,1,0
"1053",342,0,0,1
"1054",342,1,0,1
"1055",342,2,0,1
"1056",342,3,0,0
"1057",343,0,0,0
"1058",343,1,0,0
"1059",343,2,0,0
"1060",343,3,0,0
"1061",344,0,1,1
"1062",344,1,1,0
"1063",344,2,1,1
"1064",344,3,1,1
"1065",345,0,0,1
"1066",345,1,0,1
"1067",345,2,0,1
"1068",345,3,0,1
"1069",347,0,1,0
"1070",347,1,1,0
"1071",347,2,1,0
"1072",347,3,1,0
"1073",353,0,0,0
"1074",353,1,1,0
"1075",353,2,1,0
"1076",353,3,1,0
"1077",355,1,0,1
"1078",355,2,0,1
"1079",355,3,0,1
"1080",357,0,0,0
"1081",357,1,0,0
"1082",357,2,1,0
"1083",357,3,1,0
"1084",358,0,0,0
"1085",358,1,0,1
"1086",358,2,0,1
"1087",358,3,0,1
"1088",359,0,0,0
"1089",359,1,0,0
"1090",359,2,0,1
"1091",359,3,0,1
"1092",360,0,1,1
"1093",360,1,0,1
"1094",360,2,0,1
"1095",360,3,0,1
"1096",363,0,1,0
"1097",363,1,1,0
"1098",363,2,1,0
"1099",363,3,1,0
"1100",364,0,1,1
"1101",364,1,1,0
"1102",364,2,1,1
"1103",364,3,1,0
"1104",366,0,1,0
"1105",366,1,1,0
"1106",366,2,1,1
"1107",366,3,1,0
"1108",367,0,1,1
"1109",367,1,1,1
"1110",367,2,1,1
"1111",367,3,1,0
"1112",368,0,1,1
"1113",368,1,1,0
"1114",368,2,1,0
"1115",368,3,1,0
"1116",369,0,0,1
"1117",369,1,0,1
"1118",369,2,0,1
"1119",369,3,0,1
"1120",370,0,0,0
"1121",370,1,0,1
"1122",370,2,0,1
"1123",370,3,0,1
"1124",371,0,1,0
"1125",371,1,1,0
"1126",371,2,1,0
"1127",371,3,1,0
"1128",372,0,1,1
"1129",372,1,1,0
"1130",372,2,0,0
"1131",372,3,0,0
"1132",373,0,1,1
"1133",373,1,1,0
"1134",373,2,1,0
"1135",373,3,1,0
"1136",375,0,1,1
"1137",375,1,1,0
"1138",375,2,1,0
"1139",375,3,1,0
"1140",377,0,1,0
"1141",377,1,1,0
"1142",377,2,0,0
"1143",377,3,1,0
"1144",379,0,1,1
"1145",379,1,1,0
"1146",379,2,1,1
"1147",379,3,1,1
"1148",380,0,0,0
"1149",380,1,0,1
"1150",380,2,1,1
"1151",380,3,0,1
"1152",381,0,1,0
"1153",381,1,1,0
"1154",381,2,1,0
"1155",381,3,1,0
"1156",383,0,1,0
"1157",383,1,1,0
"1158",383,2,1,0
"1159",383,3,1,0
"1160",384,0,0,1
"1161",384,1,0,1
"1162",384,2,0,1
"1163",384,3,0,1
"1164",385,0,0,1
"1165",385,1,0,1
"1166",385,2,0,1
"1167",385,3,0,1
"1168",386,0,1,0
"1169",386,1,1,1
"1170",386,2,1,1
"1171",386,3,1,1
"1172",388,0,1,0
"1173",388,1,1,0
"1174",388,2,1,0
"1175",388,3,1,0
"1176",389,0,1,0
"1177",389,1,1,0
"1178",389,2,1,0
"1179",389,3,1,0
"1180",392,0,1,0
"1181",392,1,1,0
"1182",392,2,1,0
"1183",392,3,1,0
"1184",395,0,1,0
"1185",395,1,0,0
"1186",395,2,1,0
"1187",395,3,1,0
"1188",396,0,1,1
"1189",396,1,1,0
"1190",396,2,1,1
"1191",396,3,1,1
"1192",397,0,0,1
"1193",397,1,0,0
"1194",397,2,0,0
"1195",397,3,0,0
"1196",398,0,0,0
"1197",398,1,0,0
"1198",398,2,0,0
"1199",398,3,0,0
"1200",399,0,1,0
"1201",399,1,0,0
"1202",399,2,0,0
"1203",399,3,0,0
"1204",400,0,0,1
"1205",400,1,0,1
"1206",400,2,0,1
"1207",400,3,1,1
"1208",402,0,1,0
"1209",402,1,0,0
"1210",402,2,0,0
"1211",402,3,0,0
"1212",403,0,1,1
"1213",403,1,1,1
"1214",403,2,1,1
"1215",403,3,1,1
"1216",404,0,0,1
"1217",404,1,0,1
"1218",404,2,0,0
"1219",404,3,0,1
"1220",405,0,1,0
"1221",405,1,0,1
"1222",405,2,0,0
"1223",405,3,0,1
"1224",407,0,0,1
"1225",407,1,0,1
"1226",407,2,0,1
"1227",407,3,0,1
"1228",408,0,0,1
"1229",408,1,0,0
"1230",408,2,0,1
"1231",408,3,0,1
"1232",410,0,1,1
"1233",410,1,0,0
"1234",410,2,0,0
"1235",410,3,0,1
"1236",411,0,1,1
"1237",411,1,0,0
"1238",411,2,1,0
"1239",411,3,0,0
"1240",412,0,1,1
"1241",412,1,1,1
"1242",412,2,1,1
"1243",412,3,1,0
"1244",413,0,1,1
"1245",413,1,1,1
"1246",413,2,1,1
"1247",413,3,1,1
"1248",414,0,1,1
"1249",414,1,1,1
"1250",414,2,1,1
"1251",414,3,1,1
"1252",416,0,0,1
"1253",416,1,0,1
"1254",416,2,0,1
"1255",416,3,0,1
"1256",417,0,0,1
"1257",417,1,0,1
"1258",417,2,0,1
"1259",417,3,0,1
"1260",418,0,1,1
"1261",418,1,1,0
"1262",418,2,0,0
"1263",418,3,1,0
"1264",419,0,1,1
"1265",419,1,1,0
"1266",419,2,1,0
"1267",419,3,1,0
"1268",421,0,1,1
"1269",421,1,1,0
"1270",421,2,1,1
"1271",421,3,1,1
"1272",423,0,1,0
"1273",423,1,1,0
"1274",423,2,0,0
"1275",423,3,1,0
"1276",424,0,0,1
"1277",424,1,0,1
"1278",424,2,0,1
"1279",424,3,0,1
"1280",426,0,0,1
"1281",426,1,0,1
"1282",426,2,0,1
"1283",426,3,0,1
"1284",427,0,1,1
"1285",427,1,1,1
"1286",427,2,1,1
"1287",427,3,1,0
"1288",429,0,0,1
"1289",429,1,0,1
"1290",429,2,0,1
"1291",429,3,0,1
"1292",430,0,1,0
"1293",430,1,0,0
"1294",430,2,1,0
"1295",430,3,1,0
"1296",433,0,0,1
"1297",433,1,0,1
"1298",433,2,0,1
"1299",433,3,0,1
"1300",434,0,0,1
"1301",434,1,0,1
"1302",434,2,0,1
"1303",434,3,0,1
"1304",436,0,1,1
"1305",436,1,1,0
"1306",436,2,1,0
"1307",436,3,1,1
"1308",437,0,1,0
"1309",437,1,1,0
"1310",437,2,1,0
"1311",437,3,1,0
"1312",439,0,1,0
"1313",439,1,0,0
"1314",439,2,1,0
"1315",439,3,0,0
"1316",440,0,1,1
"1317",440,1,1,0
"1318",440,2,1,0
"1319",440,3,1,0
"1320",442,0,1,0
"1321",442,1,1,0
"1322",442,2,1,0
"1323",442,3,1,0
"1324",443,0,1,1
"1325",443,1,1,0
"1326",443,2,1,0
"1327",443,3,1,1
"1328",444,0,1,0
"1329",444,1,1,0
"1330",444,2,1,0
"1331",444,3,1,0
"1332",445,0,1,1
"1333",445,1,1,1
"1334",445,2,1,0
"1335",445,3,1,0
"1336",446,0,1,0
"1337",446,1,1,0
"1338",446,2,1,0
"1339",446,3,1,0
"1340",447,0,1,1
"1341",447,1,1,0
"1342",447,2,1,0
"1343",447,3,1,1
"1344",449,0,1,1
"1345",449,1,1,1
"1346",449,2,1,1
"1347",449,3,1,1
"1348",451,0,0,1
"1349",451,1,0,1
"1350",451,2,0,1
"1351",451,3,0,1
"1352",453,0,1,1
"1353",453,1,1,1
"1354",453,2,1,1
"1355",453,3,1,1
"1356",454,0,0,1
"1357",454,1,0,1
"1358",454,2,0,1
"1359",454,3,0,1
"1360",456,0,1,1
"1361",456,1,0,0
"1362",456,2,0,1
"1363",456,3,0,1
"1364",458,0,1,1
"1365",458,1,1,1
"1366",458,2,1,1
"1367",458,3,1,1
"1368",459,0,1,0
"1369",459,1,0,0
"1370",459,2,1,0
"1371",459,3,1,0
"1372",460,0,1,1
"1373",460,1,1,1
"1374",460,2,1,0
"1375",460,3,1,0
"1376",461,0,1,1
"1377",461,1,1,0
"1378",461,2,1,0
"1379",461,3,1,0
"1380",463,0,1,0
"1381",463,1,1,1
"1382",463,2,1,1
"1383",463,3,1,1
"1384",464,0,1,1
"1385",464,1,1,0
"1386",464,2,1,0
"1387",464,3,1,1
"1388",466,0,1,0
"1389",466,1,1,0
"1390",466,2,1,0
"1391",466,3,0,0
"1392",467,0,1,1
"1393",467,1,1,0
"1394",467,2,1,1
"1395",467,3,1,0
"1396",470,0,1,1
"1397",470,1,0,1
"1398",470,2,0,1
"1399",470,3,0,1
"1400",472,0,0,1
"1401",472,1,0,1
"1402",472,2,0,0
"1403",472,3,0,1
"1404",473,0,0,0
"1405",473,1,0,0
"1406",473,2,0,0
"1407",473,3,0,0
"1408",474,0,0,1
"1409",474,1,0,0
"1410",474,2,0,0
"1411",474,3,0,1
"1412",475,0,0,1
"1413",475,1,0,0
"1414",475,2,0,0
"1415",475,3,0,1
"1416",476,0,1,1
"1417",476,1,1,1
"1418",476,2,1,1
"1419",476,3,1,1
"1420",478,0,0,1
"1421",478,1,0,1
"1422",478,2,0,0
"1423",478,3,0,0
"1424",480,0,0,0
"1425",480,1,0,0
"1426",480,2,0,0
"1427",480,3,0,1
"1428",481,0,0,1
"1429",481,1,0,1
"1430",481,2,0,0
"1431",481,3,0,0
"1432",482,0,0,0
"1433",482,1,0,1
"1434",482,2,0,1
"1435",482,3,0,1
"1436",484,0,0,1
"1437",484,1,0,1
"1438",484,2,0,1
"1439",484,3,0,1
"1440",485,0,0,1
"1441",485,1,0,1
"1442",485,2,0,1
"1443",485,3,0,1
"1444",486,0,0,1
"1445",486,1,0,1
"1446",486,2,0,1
"1447",486,3,0,0
"1448",487,0,0,1
"1449",487,1,0,1
"1450",487,2,0,1
"1451",487,3,0,1
"1452",488,0,0,1
"1453",488,1,0,1
"1454",488,2,0,1
"1455",488,3,0,1
"1456",489,0,0,1
"1457",489,1,0,1
"1458",489,2,0,1
"1459",489,3,0,1
"1460",490,0,0,1
"1461",490,1,0,0
"1462",490,2,0,1
"1463",490,3,0,1
"1464",492,0,0,1
"1465",492,1,0,1
"1466",492,2,0,1
"1467",492,3,0,1
"1468",493,0,1,0
"1469",493,1,1,1
"1470",493,2,1,1
"1471",493,3,1,0
"1472",495,0,1,1
"1473",495,1,1,0
"1474",495,2,1,0
"1475",495,3,1,0
"1476",496,0,1,0
"1477",496,1,1,1
"1478",496,2,1,0
"1479",496,3,1,0
"1480",497,0,0,1
"1481",497,1,0,1
"1482",497,2,0,1
"1483",497,3,0,1
"1484",498,0,1,1
"1485",498,1,1,0
"1486",498,2,1,0
"1487",498,3,1,0
"1488",499,0,1,0
"1489",499,2,1,0
"1490",499,3,1,0
"1491",500,0,0,1
"1492",500,1,0,1
"1493",500,2,0,1
"1494",500,3,0,1
"1495",501,0,1,0
"1496",501,1,0,0
"1497",501,2,0,0
"1498",501,3,1,0
"1499",503,0,1,0
"1500",503,1,1,1
"1501",503,2,1,0
"1502",503,3,1,0
"1503",504,0,1,0
"1504",504,1,1,0
"1505",504,2,1,0
"1506",504,3,1,0
"1507",505,0,1,0
"1508",505,1,0,0
"1509",505,2,1,0
"1510",505,3,1,0
"1511",506,0,1,0
"1512",506,1,1,0
"1513",506,2,1,0
"1514",506,3,1,0
"1515",507,0,1,1
"1516",507,1,0,0
"1517",507,2,1,0
"1518",507,3,0,0
"1519",510,0,1,1
"1520",510,1,0,0
"1521",510,2,1,0
"1522",510,3,1,0
"1523",512,0,1,0
"1524",512,1,0,0
"1525",512,2,1,0
"1526",512,3,0,0
"1527",513,0,1,0
"1528",513,1,0,0
"1529",513,2,1,0
"1530",513,3,0,0
"1531",515,0,1,0
"1532",515,1,0,0
"1533",515,2,1,0
"1534",515,3,0,0
"1535",516,0,1,1
"1536",516,1,0,0
"1537",516,2,1,0
"1538",516,3,1,0
"1539",517,0,1,1
"1540",517,1,1,0
"1541",517,2,1,0
"1542",517,3,1,0
"1543",519,0,1,0
"1544",519,1,1,0
"1545",519,2,1,0
"1546",519,3,1,0
"1547",520,0,1,1
"1548",520,1,0,0
"1549",520,2,1,0
"1550",520,3,1,0
"1551",521,0,1,1
"1552",521,1,1,0
"1553",521,2,1,0
"1554",521,3,1,0
"1555",524,0,1,0
"1556",524,1,1,0
"1557",524,2,1,0
"1558",524,3,1,0
"1559",525,0,1,1
"1560",525,1,0,0
"1561",525,2,1,1
"1562",525,3,0,0
"1563",526,0,1,0
"1564",526,1,0,0
"1565",526,2,1,0
"1566",526,3,1,0
"1567",527,0,1,0
"1568",527,1,1,0
"1569",527,2,1,0
"1570",527,3,0,0
"1571",528,0,1,0
"1572",528,1,1,0
"1573",528,2,1,0
"1574",528,3,1,0
"1575",530,0,1,1
"1576",530,1,0,0
"1577",530,2,1,0
"1578",530,3,1,0
"1579",534,0,1,0
"1580",534,1,1,0
"1581",534,2,1,0
"1582",534,3,1,0
"1583",535,0,1,0
"1584",535,1,0,0
"1585",535,2,1,0
"1586",535,3,1,0
"1587",536,0,1,0
"1588",536,2,1,0
"1589",536,3,1,0
"1590",538,0,1,1
"1591",538,2,1,0
"1592",538,3,1,0
"1593",540,0,0,0
"1594",540,1,0,0
"1595",540,2,0,1
"1596",540,3,0,1
"1597",541,0,1,0
"1598",541,1,1,0
"1599",541,2,1,0
"1600",541,3,1,0
"1601",543,0,1,0
"1602",543,2,1,0
"1603",543,3,1,0
"1604",544,0,1,1
"1605",544,1,0,0
"1606",544,2,1,0
"1607",544,3,1,0
"1608",546,0,1,1
"1609",546,1,0,0
"1610",546,2,1,0
"1611",546,3,1,1
"1612",552,0,1,1
"1613",552,1,0,0
"1614",552,2,0,1
"1615",552,3,0,1
"1616",553,0,1,1
"1617",553,1,0,1
"1618",553,2,1,0
"1619",553,3,1,1
"1620",554,0,0,1
"1621",554,1,0,1
"1622",554,2,0,1
"1623",554,3,0,1
"1624",555,0,0,1
"1625",555,1,0,1
"1626",555,2,0,1
"1627",555,3,0,1
"1628",556,0,0,1
"1629",556,1,0,1
"1630",556,2,0,1
"1631",556,3,0,1
"1632",558,0,0,1
"1633",558,1,0,1
"1634",558,2,0,0
"1635",558,3,0,1
"1636",559,0,0,0
"1637",559,1,0,0
"1638",559,2,0,0
"1639",559,3,0,0
"1640",560,0,1,0
"1641",560,1,0,0
"1642",560,2,1,0
"1643",560,3,1,1
"1644",561,0,1,0
"1645",561,1,0,0
"1646",561,2,1,0
"1647",561,3,0,0
"1648",562,0,1,0
"1649",562,1,0,0
"1650",562,2,1,0
"1651",562,3,0,0
"1652",563,0,1,0
"1653",563,1,1,0
"1654",563,2,1,0
"1655",563,3,1,0
"1656",564,0,1,0
"1657",564,1,1,0
"1658",564,2,1,0
"1659",564,3,1,0
"1660",565,0,0,1
"1661",565,1,0,1
"1662",565,2,0,1
"1663",565,3,0,1
"1664",566,0,0,1
"1665",566,1,0,1
"1666",566,2,0,1
"1667",566,3,0,1
"1668",567,0,0,1
"1669",567,1,0,1
"1670",567,2,0,1
"1671",567,3,0,0
"1672",569,0,1,0
"1673",569,1,1,0
"1674",569,2,1,0
"1675",569,3,0,0
"1676",570,0,1,1
"1677",570,1,1,1
"1678",570,2,1,1
"1679",570,3,1,0
"1680",571,0,1,0
"1681",571,1,1,0
"1682",571,2,1,0
"1683",571,3,1,0
"1684",572,0,1,1
"1685",572,1,0,0
"1686",572,2,1,0
"1687",572,3,0,0
"1688",573,0,1,1
"1689",573,1,1,0
"1690",573,2,1,0
"1691",573,3,1,0
"1692",574,0,1,0
"1693",574,1,0,1
"1694",574,2,0,1
"1695",574,3,0,1
"1696",576,0,0,0
"1697",576,1,0,0
"1698",576,2,0,1
"1699",576,3,0,1
"1700",577,0,0,0
"1701",577,1,0,0
"1702",577,2,0,1
"1703",577,3,0,1
"1704",580,0,1,0
"1705",580,1,1,0
"1706",580,2,1,1
"1707",580,3,1,1
"1708",581,0,1,0
"1709",581,1,1,1
"1710",581,2,1,0
"1711",581,3,1,1
"1712",582,0,1,0
"1713",582,1,1,0
"1714",582,2,1,0
"1715",582,3,1,0
"1716",583,0,1,0
"1717",583,1,1,0
"1718",583,2,1,0
"1719",583,3,1,0
"1720",584,0,1,0
"1721",584,1,1,0
"1722",584,2,1,0
"1723",584,3,1,1
"1724",585,0,1,0
"1725",585,1,1,0
"1726",585,2,1,0
"1727",585,3,1,0
"1728",586,0,1,1
"1729",586,1,0,0
"1730",586,2,1,0
"1731",586,3,1,0
"1732",589,0,1,0
"1733",589,1,1,0
"1734",589,2,1,0
"1735",589,3,1,0
"1736",590,0,1,0
"1737",590,1,1,1
"1738",590,2,1,1
"1739",590,3,1,1
"1740",591,0,1,1
"1741",591,1,0,1
"1742",591,2,0,1
"1743",591,3,0,1
"1744",592,0,1,1
"1745",592,1,1,0
"1746",592,2,0,1
"1747",592,3,0,1
"1748",593,0,1,1
"1749",593,1,1,0
"1750",593,2,1,0
"1751",593,3,1,0
"1752",594,0,1,0
"1753",594,1,1,0
"1754",594,2,1,0
"1755",594,3,1,1
"1756",595,0,1,0
"1757",595,2,1,0
"1758",595,3,0,0
"1759",597,0,0,0
"1760",597,1,1,0
"1761",597,2,1,0
"1762",597,3,1,0
"1763",598,0,0,0
"1764",598,1,0,0
"1765",598,2,0,1
"1766",598,3,0,1
"1767",599,0,1,0
"1768",599,1,0,0
"1769",599,2,1,0
"1770",599,3,1,0
"1771",600,0,0,0
"1772",600,1,0,1
"1773",600,2,0,1
"1774",600,3,0,1
"1775",601,0,0,0
"1776",601,1,0,1
"1777",601,2,0,1
"1778",601,3,0,1
"1779",602,0,0,0
"1780",602,1,0,0
"1781",602,2,0,0
"1782",602,3,0,0
"1783",604,0,1,0
"1784",604,1,0,0
"1785",604,2,0,0
"1786",604,3,1,0
"1787",605,0,1,0
"1788",605,1,1,0
"1789",605,2,1,0
"1790",605,3,1,0
"1791",607,0,1,1
"1792",607,1,1,0
"1793",607,2,1,0
"1794",607,3,1,0
"1795",608,0,0,0
"1796",608,1,0,0
"1797",608,2,0,0
"1798",608,3,0,1
"1799",609,0,0,1
"1800",609,1,0,0
"1801",609,2,0,1
"1802",609,3,0,1
"1803",610,0,0,0
"1804",610,1,0,0
"1805",610,2,0,1
"1806",610,3,0,1
"1807",611,0,1,1
"1808",611,1,1,0
"1809",611,2,1,0
"1810",611,3,1,0
"1811",613,0,0,1
"1812",613,1,0,1
"1813",613,2,0,1
"1814",613,3,0,1
"1815",615,0,0,0
"1816",615,1,0,1
"1817",615,2,0,1
"1818",615,3,0,0
"1819",616,0,0,1
"1820",616,1,0,1
"1821",616,2,1,1
"1822",616,3,1,0
"1823",618,0,0,1
"1824",618,1,0,0
"1825",618,2,0,0
"1826",618,3,0,0
"1827",621,0,1,0
"1828",621,1,1,0
"1829",621,2,0,0
"1830",621,3,0,0
"1831",623,0,1,0
"1832",623,1,1,0
"1833",623,2,1,1
"1834",623,3,0,1
"1835",625,0,0,1
"1836",625,1,0,1
"1837",625,2,0,1
"1838",625,3,1,1
"1839",626,0,0,1
"1840",626,1,0,0
"1841",626,2,0,1
"1842",626,3,0,1
"1843",627,0,1,1
"1844",627,1,0,1
"1845",627,2,0,1
"1846",627,3,0,1
"1847",628,0,0,1
"1848",628,1,0,1
"1849",628,2,0,1
"1850",628,3,0,1
"1851",629,0,0,1
"1852",629,1,0,1
"1853",629,2,0,1
"1854",629,3,0,1
"1855",630,0,1,0
"1856",630,1,1,1
"1857",630,2,1,0
"1858",630,3,1,0
"1859",631,0,1,1
"1860",631,1,1,1
"1861",631,2,1,0
"1862",631,3,1,1
"1863",633,0,1,1
"1864",633,1,1,1
"1865",633,2,1,0
"1866",633,3,1,0
"1867",634,0,1,0
"1868",634,1,1,0
"1869",634,2,0,0
"1870",634,3,1,0
"1871",635,0,0,1
"1872",635,1,1,0
"1873",635,2,1,0
"1874",635,3,1,0
"1875",636,0,0,1
"1876",636,1,0,1
"1877",636,2,0,1
"1878",636,3,0,1
"1879",637,0,0,1
"1880",637,1,0,1
"1881",637,2,0,1
"1882",637,3,0,1
"1883",638,0,0,1
"1884",638,1,0,0
"1885",638,2,0,0
"1886",638,3,0,0
"1887",639,0,1,1
"1888",639,1,1,0
"1889",639,2,1,0
"1890",639,3,1,0
"1891",642,0,1,0
"1892",642,2,1,0
"1893",642,3,1,0
"1894",643,0,1,1
"1895",643,2,1,0
"1896",643,3,1,0
"1897",644,0,1,1
"1898",644,2,1,0
"1899",644,3,1,0
"1900",645,0,1,0
"1901",645,2,1,1
"1902",645,3,1,0
"1903",646,0,1,0
"1904",646,2,1,0
"1905",646,3,1,0
"1906",647,0,0,0
"1907",647,1,0,0
"1908",647,2,0,0
"1909",647,3,0,0
"1910",648,0,1,1
"1911",648,1,0,0
"1912",648,2,1,0
"1913",648,3,1,0
"1914",650,0,1,0
"1915",650,1,1,0
"1916",650,2,1,0
"1917",650,3,1,0
"1918",651,0,1,0
"1919",651,1,1,1
"1920",651,2,1,1
"1921",651,3,1,0
"1922",652,0,1,1
"1923",652,1,1,0
"1924",652,2,1,0
"1925",652,3,1,0
"1926",656,0,1,0
"1927",656,1,1,0
"1928",656,2,1,0
"1929",656,3,1,0
"1930",657,0,0,0
"1931",657,1,0,0
"1932",657,2,0,0
"1933",657,3,0,1
"1934",658,0,0,0
"1935",658,1,0,1
"1936",658,2,0,0
"1937",658,3,0,0
"1938",660,0,1,1
"1939",660,1,1,0
"1940",660,2,1,0
"1941",660,3,1,1
"1942",661,0,1,1
"1943",661,1,1,0
"1944",661,2,1,0
"1945",661,3,1,0
"1946",662,0,1,0
"1947",662,1,1,0
"1948",662,2,1,0
"1949",662,3,1,1
"1950",663,0,1,0
"1951",663,1,1,0
"1952",663,2,1,0
"1953",663,3,1,0
"1954",664,0,1,0
"1955",664,1,0,1
"1956",664,2,1,0
"1957",664,3,0,1
"1958",665,0,1,0
"1959",665,1,1,0
"1960",665,2,1,0
"1961",665,3,1,1
"1962",666,0,1,0
"1963",666,1,1,0
"1964",666,2,1,0
"1965",666,3,1,0
"1966",667,0,1,0
"1967",667,1,1,0
"1968",667,2,1,0
"1969",667,3,1,0
"1970",668,0,0,1
"1971",668,1,0,1
"1972",668,2,0,1
"1973",668,3,0,1
"1974",669,0,0,1
"1975",669,1,0,1
"1976",669,2,0,1
"1977",669,3,0,1
"1978",670,0,0,1
"1979",670,1,0,1
"1980",670,2,0,1
"1981",670,3,1,1
"1982",671,0,1,1
"1983",671,1,1,1
"1984",671,2,0,1
"1985",671,3,0,1
"1986",673,0,0,1
"1987",673,1,0,1
"1988",673,2,0,1
"1989",673,3,0,1
"1990",674,0,0,1
"1991",674,1,0,1
"1992",674,2,0,1
"1993",674,3,0,1
"1994",675,0,0,1
"1995",675,1,0,1
"1996",675,2,0,1
"1997",675,3,0,1
"1998",676,0,0,1
"1999",676,1,0,1
"2000",676,2,0,1
"2001",676,3,0,1
"2002",677,0,0,1
"2003",677,1,0,1
"2004",677,2,0,1
"2005",677,3,0,1
"2006",678,0,1,1
"2007",678,1,0,0
"2008",678,2,1,0
"2009",678,3,0,0
"2010",679,0,1,0
"2011",679,1,1,0
"2012",679,2,0,0
"2013",679,3,1,0
"2014",680,0,1,1
"2015",680,1,0,0
"2016",680,2,0,0
"2017",680,3,1,0
"2018",681,0,0,1
"2019",681,1,0,1
"2020",681,2,0,1
"2021",681,3,0,1
"2022",682,0,1,1
"2023",682,1,1,0
"2024",682,2,1,0
"2025",682,3,1,0
"2026",684,0,1,0
"2027",684,1,1,0
"2028",684,2,0,0
"2029",684,3,1,0
"2030",685,0,1,1
"2031",685,1,0,0
"2032",685,2,1,0
"2033",685,3,1,0
"2034",686,0,0,1
"2035",686,1,0,1
"2036",686,2,0,1
"2037",686,3,0,0
"2038",687,0,0,1
"2039",687,1,0,1
"2040",687,2,0,1
"2041",687,3,0,1
"2042",688,0,0,1
"2043",688,1,0,1
"2044",688,2,0,1
"2045",688,3,0,0
"2046",690,0,0,1
"2047",690,1,0,1
"2048",690,2,0,1
"2049",690,3,0,1
"2050",691,0,0,1
"2051",691,1,0,1
"2052",691,2,0,1
"2053",691,3,0,1
"2054",693,0,0,1
"2055",693,1,0,1
"2056",693,2,0,1
"2057",693,3,0,1
"2058",694,0,0,1
"2059",694,1,0,1
"2060",694,2,0,1
"2061",694,3,0,1
"2062",695,0,0,1
"2063",695,1,0,1
"2064",695,2,0,1
"2065",695,3,0,1
"2066",696,0,0,1
"2067",696,1,0,1
"2068",696,2,0,0
"2069",696,3,0,1
"2070",697,0,0,1
"2071",697,1,0,1
"2072",697,2,0,1
"2073",697,3,0,1
"2074",698,0,0,1
"2075",698,1,0,1
"2076",698,2,0,1
"2077",698,3,0,0
"2078",699,0,0,1
"2079",699,1,0,1
"2080",699,2,0,1
"2081",699,3,0,1
"2082",700,0,0,0
"2083",700,1,0,0
"2084",700,2,0,1
"2085",700,3,0,0
"2086",701,0,0,0
"2087",701,1,0,1
"2088",701,2,0,1
"2089",701,3,0,1
"2090",702,0,1,0
"2091",702,1,0,0
"2092",702,2,0,1
"2093",702,3,0,1
"2094",703,0,0,1
"2095",703,1,0,0
"2096",703,2,0,1
"2097",703,3,0,1
"2098",704,0,0,0
"2099",704,1,0,0
"2100",704,2,0,1
"2101",704,3,0,0
"2102",705,0,1,0
"2103",705,1,0,0
"2104",705,2,1,0
"2105",705,3,1,0
"2106",706,0,1,0
"2107",706,1,1,0
"2108",706,2,1,0
"2109",706,3,1,0
"2110",707,0,1,0
"2111",707,1,1,0
"2112",707,2,1,0
"2113",707,3,1,0
"2114",708,0,0,1
"2115",708,1,0,0
"2116",708,2,1,0
"2117",708,3,1,0
"2118",709,0,1,0
"2119",709,1,1,0
"2120",709,2,1,0
"2121",709,3,1,0
"2122",710,0,1,0
"2123",710,1,1,0
"2124",710,2,1,0
"2125",710,3,1,0
"2126",716,0,0,1
"2127",716,1,0,1
"2128",716,2,0,1
"2129",716,3,0,1
"2130",717,0,0,1
"2131",717,1,0,1
"2132",717,2,0,1
"2133",717,3,0,1
"2134",718,0,1,1
"2135",718,1,1,0
"2136",718,2,1,0
"2137",718,3,1,1
"2138",719,0,1,0
"2139",719,1,1,0
"2140",719,2,1,0
"2141",719,3,1,1
"2142",720,0,1,0
"2143",720,1,1,0
"2144",720,2,1,0
"2145",720,3,1,0
"2146",721,0,0,1
"2147",721,1,0,1
"2148",721,2,0,1
"2149",721,3,0,1
"2150",724,0,1,0
"2151",724,2,1,0
"2152",724,3,1,0
"2153",725,0,0,1
"2154",725,1,0,1
"2155",725,2,0,1
"2156",725,3,0,1
"2157",726,0,0,1
"2158",726,1,0,1
"2159",726,2,0,1
"2160",726,3,0,1
"2161",727,0,1,0
"2162",727,1,0,1
"2163",727,2,0,0
"2164",727,3,0,0
"2165",729,0,0,1
"2166",729,1,0,1
"2167",729,2,0,1
"2168",729,3,0,0
"2169",730,0,0,1
"2170",730,1,0,1
"2171",730,2,0,1
"2172",730,3,0,1
"2173",731,0,0,1
"2174",731,1,0,1
"2175",731,2,0,1
"2176",731,3,0,1
"2177",733,0,0,1
"2178",733,1,0,1
"2179",733,2,0,1
"2180",733,3,0,1
"2181",734,0,0,1
"2182",734,1,0,1
"2183",734,2,0,1
"2184",734,3,0,1
"2185",735,0,0,1
"2186",735,1,0,1
"2187",735,2,0,1
"2188",735,3,0,1
"2189",736,0,1,0
"2190",736,1,0,0
"2191",736,2,0,1
"2192",736,3,0,1
"2193",740,0,0,1
"2194",740,1,0,0
"2195",740,2,0,1
"2196",740,3,0,1
"2197",741,0,1,0
"2198",741,1,1,0
"2199",741,2,1,0
"2200",741,3,1,0
"2201",744,0,1,0
"2202",744,1,1,0
"2203",744,2,1,1
"2204",744,3,1,0
"2205",746,0,0,0
"2206",746,1,0,0
"2207",746,2,0,1
"2208",746,3,0,0
"2209",747,0,1,0
"2210",747,1,1,0
"2211",747,2,1,0
"2212",747,3,1,0
"2213",750,0,0,0
"2214",750,1,0,0
"2215",750,2,0,1
"2216",750,3,1,1
"2217",754,0,1,1
"2218",754,1,1,0
"2219",754,2,1,0
"2220",754,3,1,0
"2221",757,0,0,1
"2222",757,1,0,0
"2223",757,2,0,1
"2224",757,3,0,1
"2225",758,0,1,1
"2226",758,1,0,1
"2227",758,2,1,0
"2228",758,3,1,0
"2229",759,0,1,1
"2230",759,1,0,1
"2231",759,2,0,1
"2232",759,3,0,1
"2233",760,0,1,0
"2234",760,2,0,1
"2235",760,3,0,1
"2236",761,0,1,0
"2237",761,2,1,0
"2238",761,3,1,0
"2239",762,0,1,1
"2240",762,1,1,1
"2241",762,2,1,0
"2242",762,3,1,0
"2243",763,0,1,0
"2244",763,1,1,0
"2245",763,2,1,0
"2246",763,3,0,0
"2247",764,0,1,1
"2248",764,1,0,0
"2249",764,2,0,0
"2250",764,3,1,0
"2251",765,0,1,0
"2252",765,1,1,0
"2253",765,2,1,0
"2254",765,3,0,1
"2255",766,0,0,1
"2256",766,1,0,1
"2257",766,2,0,1
"2258",766,3,0,1
"2259",767,0,0,1
"2260",767,1,0,1
"2261",767,2,0,1
"2262",767,3,0,1
"2263",768,0,0,1
"2264",768,1,0,1
"2265",768,2,0,1
"2266",768,3,1,0
"2267",769,0,0,1
"2268",769,1,0,1
"2269",769,2,0,1
"2270",769,3,1,0
"2271",772,0,1,1
"2272",772,1,1,1
"2273",772,2,1,0
"2274",772,3,1,0
"2275",773,0,1,1
"2276",773,1,1,0
"2277",773,2,1,0
"2278",773,3,1,0
"2279",774,0,0,0
"2280",774,1,0,0
"2281",774,2,0,0
"2282",774,3,0,0
"2283",775,0,0,0
"2284",775,1,0,0
"2285",775,2,0,1
"2286",775,3,0,0
"2287",776,0,0,0
"2288",776,1,0,0
"2289",776,2,0,0
"2290",776,3,0,0
"2291",777,0,1,1
"2292",777,1,1,0
"2293",777,2,1,0
"2294",777,3,1,0
"2295",779,0,0,1
"2296",779,1,0,1
"2297",779,2,0,1
"2298",779,3,0,1
"2299",780,0,0,1
"2300",780,1,0,1
"2301",780,2,0,1
"2302",780,3,0,0
"2303",781,0,0,1
"2304",781,1,0,0
"2305",781,2,0,1
"2306",781,3,0,1
"2307",782,0,0,1
"2308",782,1,0,0
"2309",782,2,0,1
"2310",782,3,0,1
"2311",787,0,0,1
"2312",787,1,0,0
"2313",787,2,0,0
"2314",787,3,0,0
"2315",789,0,1,1
"2316",789,1,1,0
"2317",789,2,1,0
"2318",789,3,0,1
"2319",790,0,0,1
"2320",790,1,0,1
"2321",790,2,0,1
"2322",790,3,1,0
"2323",792,0,0,1
"2324",792,1,0,1
"2325",792,2,0,1
"2326",792,3,0,1
"2327",794,0,0,1
"2328",794,1,0,1
"2329",794,2,0,1
"2330",794,3,0,1
"2331",795,0,1,0
"2332",795,1,1,0
"2333",795,2,1,0
"2334",795,3,1,1
"2335",797,0,1,0
"2336",797,1,1,0
"2337",797,2,1,0
"2338",797,3,1,0
"2339",798,0,1,0
"2340",798,1,0,0
"2341",798,2,1,0
"2342",798,3,1,0
"2343",799,0,1,0
"2344",799,1,1,0
"2345",799,2,1,0
"2346",799,3,1,0
"2347",800,0,1,0
"2348",800,1,0,0
"2349",800,2,1,0
"2350",800,3,1,0
"2351",801,0,1,1
"2352",801,1,1,1
"2353",801,2,0,1
"2354",801,3,1,1
"2355",803,0,1,1
"2356",803,1,1,0
"2357",803,2,1,0
"2358",803,3,0,0
"2359",805,0,1,0
"2360",805,1,1,1
"2361",805,2,1,0
"2362",805,3,0,0
"2363",806,0,0,0
"2364",806,1,0,0
"2365",806,2,0,1
"2366",806,3,0,1
"2367",808,0,1,0
"2368",808,1,0,0
"2369",808,2,1,0
"2370",808,3,0,0
"2371",809,0,1,0
"2372",809,1,1,1
"2373",809,2,1,0
"2374",809,3,1,1
"2375",810,0,1,0
"2376",810,1,0,1
"2377",810,2,1,0
"2378",810,3,1,1
"2379",811,0,0,0
"2380",811,1,0,1
"2381",811,2,0,1
"2382",811,3,0,1
"2383",812,0,0,1
"2384",812,1,0,1
"2385",812,2,0,1
"2386",812,3,0,1
"2387",813,0,0,0
"2388",813,1,0,1
"2389",813,2,0,1
"2390",813,3,0,1
"2391",814,0,0,1
"2392",814,1,0,1
"2393",814,2,0,1
"2394",814,3,0,1
"2395",815,0,1,1
"2396",815,1,1,1
"2397",815,2,0,0
"2398",815,3,1,0
"2399",817,0,0,1
"2400",817,1,0,1
"2401",817,2,0,1
"2402",817,3,0,1
"2403",818,0,1,1
"2404",818,1,1,0
"2405",818,2,1,1
"2406",818,3,1,0
"2407",819,0,1,0
"2408",819,1,0,1
"2409",819,2,1,1
"2410",819,3,1,0
"2411",820,0,0,1
"2412",820,1,0,1
"2413",820,2,0,1
"2414",820,3,0,1
"2415",822,0,0,0
"2416",822,1,0,1
"2417",822,2,0,1
"2418",822,3,0,1
"2419",823,0,1,0
"2420",823,1,0,1
"2421",823,2,0,1
"2422",823,3,0,1
"2423",824,0,0,0
"2424",824,1,0,0
"2425",824,2,0,0
"2426",824,3,0,0
"2427",826,0,0,1
"2428",826,1,0,1
"2429",826,2,0,1
"2430",826,3,0,1
"2431",827,0,1,1
"2432",827,1,1,0
"2433",827,2,0,0
"2434",827,3,1,0
"2435",828,0,0,0
"2436",828,1,0,0
"2437",828,2,0,0
"2438",828,3,0,0
"2439",829,0,0,1
"2440",829,1,0,1
"2441",829,2,0,0
"2442",829,3,0,0
"2443",831,0,0,0
"2444",831,1,0,0
"2445",831,2,0,0
"2446",831,3,0,0
"2447",833,0,1,0
"2448",833,1,0,0
"2449",833,2,1,0
"2450",833,3,1,0
"2451",834,0,1,1
"2452",834,1,0,0
"2453",834,2,1,0
"2454",834,3,0,1
"2455",835,0,1,1
"2456",835,1,1,0
"2457",835,2,1,1
"2458",835,3,1,0
"2459",836,0,1,0
"2460",836,1,1,0
"2461",836,2,1,0
"2462",836,3,1,0
"2463",838,0,1,0
"2464",838,1,1,0
"2465",838,2,1,0
"2466",838,3,1,0
"2467",839,0,1,1
"2468",839,2,1,0
"2469",839,3,1,0
"2470",840,0,0,1
"2471",840,1,0,0
"2472",840,2,0,0
"2473",840,3,0,1
"2474",841,0,1,1
"2475",841,1,1,0
"2476",841,2,1,0
"2477",841,3,1,0
"2478",842,0,1,0
"2479",842,1,1,0
"2480",842,2,1,0
"2481",842,3,1,1
"2482",843,0,0,0
"2483",843,1,0,0
"2484",843,2,0,0
"2485",843,3,0,0
"2486",844,0,0,1
"2487",844,1,0,1
"2488",844,2,0,1
"2489",844,3,0,1
"2490",845,0,0,0
"2491",845,1,0,0
"2492",845,2,0,0
"2493",845,3,0,1
"2494",846,0,1,1
"2495",846,1,1,0
"2496",846,2,1,0
"2497",846,3,1,0
"2498",847,0,1,1
"2499",847,2,1,0
"2500",847,3,1,0
"2501",848,0,0,1
"2502",848,1,0,1
"2503",848,2,0,0
"2504",848,3,0,0
"2505",849,0,0,1
"2506",849,1,0,1
"2507",849,2,0,1
"2508",849,3,0,1
"2509",854,0,1,0
"2510",854,1,1,0
"2511",854,2,1,0
"2512",854,3,1,0
"2513",855,0,1,1
"2514",855,1,0,0
"2515",855,2,1,0
"2516",855,3,1,0
"2517",858,0,1,1
"2518",858,1,1,0
"2519",858,2,1,0
"2520",858,3,1,0
"2521",859,0,1,1
"2522",859,1,1,1
"2523",859,2,1,1
"2524",859,3,1,0
"2525",860,0,1,0
"2526",860,1,1,0
"2527",860,2,1,0
"2528",860,3,1,0
"2529",861,0,0,1
"2530",861,1,0,1
"2531",861,2,0,1
"2532",861,3,0,1
"2533",862,0,0,1
"2534",862,1,0,0
"2535",862,2,0,0
"2536",862,3,0,0
"2537",863,0,0,0
"2538",863,1,0,0
"2539",863,2,0,1
"2540",863,3,0,0
"2541",864,0,0,1
"2542",864,1,0,1
"2543",864,2,0,1
"2544",864,3,0,0
"2545",865,0,1,0
"2546",865,1,1,0
"2547",865,2,1,0
"2548",865,3,1,0
"2549",866,0,1,0
"2550",866,1,0,0
"2551",866,2,1,0
"2552",866,3,1,0
"2553",867,0,1,1
"2554",867,1,1,0
"2555",867,2,1,0
"2556",867,3,1,0
"2557",869,0,0,1
"2558",869,1,1,0
"2559",869,2,1,0
"2560",869,3,1,0
"2561",870,0,1,0
"2562",870,1,0,0
"2563",870,2,0,0
"2564",870,3,1,0
"2565",871,0,1,0
"2566",871,1,0,0
"2567",871,2,1,0
"2568",871,3,1,0
"2569",873,0,1,0
"2570",873,1,0,0
"2571",873,2,0,0
"2572",873,3,1,0
"2573",874,0,1,1
"2574",874,1,1,0
"2575",874,2,1,0
"2576",874,3,1,0
"2577",875,0,1,0
"2578",875,1,1,0
"2579",875,2,0,0
"2580",875,3,1,0
"2581",877,0,0,0
"2582",877,2,1,0
"2583",877,3,0,1
"2584",878,0,1,1
"2585",878,1,1,0
"2586",878,2,1,0
"2587",878,3,1,0
"2588",879,0,0,0
"2589",879,1,0,0
"2590",879,2,0,0
"2591",879,3,0,1
"2592",880,0,0,0
"2593",880,2,0,0
"2594",880,3,0,1
"2595",881,0,0,1
"2596",881,1,0,0
"2597",881,2,0,1
"2598",881,3,0,0
"2599",883,0,0,0
"2600",883,1,0,0
"2601",883,2,0,1
"2602",883,3,0,0
"2603",884,0,0,0
"2604",884,1,0,1
"2605",884,2,0,1
"2606",884,3,0,0
"2607",885,0,1,0
"2608",885,1,1,0
"2609",885,2,0,1
"2610",885,3,1,0
"2611",887,0,0,0
"2612",887,1,0,0
"2613",887,2,0,1
"2614",887,3,0,1
"2615",888,0,0,0
"2616",888,1,0,0
"2617",888,2,0,1
"2618",888,3,0,1
"2619",889,0,0,0
"2620",889,1,1,0
"2621",889,2,1,0
"2622",889,3,0,1
"2623",890,0,0,0
"2624",890,1,0,0
"2625",890,2,0,0
"2626",890,3,0,0
"2627",891,0,0,0
"2628",891,1,0,0
"2629",891,2,0,0
"2630",891,3,0,0
"2631",892,0,1,0
"2632",892,1,1,0
"2633",892,2,1,0
"2634",892,3,0,1
"2635",893,0,0,0
"2636",893,1,0,0
"2637",893,2,0,0
"2638",893,3,0,0
"2639",894,0,1,0
"2640",894,1,1,0
"2641",894,2,1,0
"2642",894,3,0,1
"2643",895,0,0,0
"2644",895,1,0,1
"2645",895,2,0,1
"2646",895,3,0,0
"2647",897,0,1,0
"2648",897,1,0,0
"2649",897,2,0,1
"2650",897,3,0,1
"2651",898,0,0,0
"2652",898,1,0,0
"2653",898,2,0,1
"2654",898,3,0,1
"2655",900,0,0,0
"2656",900,1,0,0
"2657",900,2,0,1
"2658",900,3,0,1
"2659",901,0,0,0
"2660",901,1,0,0
"2661",901,2,0,1
"2662",901,3,0,0
"2663",902,0,0,0
"2664",902,1,1,0
"2665",902,2,0,0
"2666",902,3,0,1
"2667",904,0,0,0
"2668",904,1,0,0
"2669",904,2,1,0
"2670",904,3,0,0
"2671",905,0,1,1
"2672",905,1,1,0
"2673",905,2,1,0
"2674",905,3,1,0
"2675",907,0,0,0
"2676",907,1,0,0
"2677",907,2,1,0
"2678",907,3,0,1
"2679",908,0,0,0
"2680",908,1,0,0
"2681",908,2,1,0
"2682",908,3,0,1
"2683",909,0,1,1
"2684",909,1,1,0
"2685",909,2,1,0
"2686",909,3,1,0
"2687",910,0,1,1
"2688",910,1,1,0
"2689",910,3,1,0
"2690",911,0,1,1
"2691",911,1,1,0
"2692",911,2,1,0
"2693",911,3,1,0
"2694",915,0,1,1
"2695",915,1,1,1
"2696",915,2,1,0
"2697",915,3,1,0
"2698",916,0,1,0
"2699",916,1,1,0
"2700",916,2,1,0
"2701",916,3,1,0
"2702",918,0,1,0
"2703",918,1,1,0
"2704",918,2,1,1
"2705",918,3,1,0
"2706",919,0,1,0
"2707",919,1,1,0
"2708",919,2,1,0
"2709",919,3,1,0
"2710",920,0,1,0
"2711",920,1,1,0
"2712",920,2,1,0
"2713",920,3,1,0
"2714",921,0,0,0
"2715",921,1,0,1
"2716",921,2,0,1
"2717",921,3,0,1
"2718",922,0,0,0
"2719",922,1,0,1
"2720",922,2,0,1
"2721",922,3,0,1
"2722",924,0,1,0
"2723",924,1,0,1
"2724",924,2,0,1
"2725",924,3,0,1
"2726",925,0,0,0
"2727",925,1,0,0
"2728",925,2,0,1
"2729",925,3,0,0
"2730",926,0,0,0
"2731",926,1,0,1
"2732",926,2,0,1
"2733",926,3,0,1
"2734",928,0,0,0
"2735",928,1,0,1
"2736",928,2,0,1
"2737",928,3,0,1
"2738",929,0,0,0
"2739",929,1,0,1
"2740",929,2,0,1
"2741",929,3,0,0
"2742",930,0,0,0
"2743",930,1,0,1
"2744",930,2,0,1
"2745",930,3,0,1
"2746",931,0,0,0
"2747",931,1,0,1
"2748",931,2,0,1
"2749",931,3,0,1
"2750",933,0,0,1
"2751",933,1,0,1
"2752",933,2,0,1
"2753",933,3,0,0
"2754",934,0,0,0
"2755",934,1,0,1
"2756",934,2,0,1
"2757",934,3,0,1
"2758",935,0,0,0
"2759",935,1,0,0
"2760",935,2,0,1
"2761",935,3,0,1
"2762",937,0,0,1
"2763",937,1,0,1
"2764",937,2,0,1
"2765",937,3,0,1
"2766",938,0,0,0
"2767",938,1,0,1
"2768",938,2,0,0
"2769",938,3,0,1
"2770",939,0,0,1
"2771",939,1,0,1
"2772",939,2,0,1
"2773",939,3,0,1
"2774",940,0,0,0
"2775",940,1,0,1
"2776",940,2,0,1
"2777",940,3,0,1
"2778",941,0,0,0
"2779",941,1,0,0
"2780",941,2,0,1
"2781",941,3,0,1
"2782",942,0,0,1
"2783",942,1,0,1
"2784",942,2,0,1
"2785",942,3,0,0
"2786",943,0,0,1
"2787",943,1,0,1
"2788",943,2,0,0
"2789",943,3,0,1
"2790",944,1,0,1
"2791",944,2,0,1
"2792",944,3,0,1
"2793",945,0,0,1
"2794",945,1,0,1
"2795",945,2,0,1
"2796",945,3,0,1
"2797",946,0,0,0
"2798",946,1,1,0
"2799",946,2,0,1
"2800",946,3,0,1
"2801",947,0,0,0
"2802",947,1,0,1
"2803",947,2,0,1
"2804",947,3,0,0
"2805",948,0,1,1
"2806",948,1,1,0
"2807",948,2,1,0
"2808",948,3,1,0
"2809",949,0,0,1
"2810",949,1,0,1
"2811",949,2,0,1
"2812",949,3,0,1
"2813",950,0,0,1
"2814",950,1,0,1
"2815",950,2,0,1
"2816",950,3,0,0
"2817",953,0,1,0
"2818",953,1,0,0
"2819",953,2,1,0
"2820",953,3,1,0
"2821",954,0,1,0
"2822",954,1,1,0
"2823",954,2,0,0
"2824",954,3,0,1
"2825",955,0,0,0
"2826",955,2,0,0
"2827",955,3,1,0
"2828",956,0,1,0
"2829",956,1,0,0
"2830",956,2,1,0
"2831",956,3,1,0
"2832",957,0,0,0
"2833",957,1,1,0
"2834",957,2,0,0
"2835",957,3,0,0
"2836",958,0,0,0
"2837",958,1,0,0
"2838",958,2,0,1
"2839",958,3,0,0
"2840",959,0,1,0
"2841",959,1,0,0
"2842",959,2,0,1
"2843",959,3,0,0
"2844",960,0,1,0
"2845",960,1,0,0
"2846",960,2,0,1
"2847",960,3,0,1
"2848",961,0,1,0
"2849",961,1,1,0
"2850",961,2,0,1
"2851",961,3,1,0
"2852",963,0,1,0
"2853",963,1,1,0
"2854",963,2,1,0
"2855",963,3,1,0
"2856",964,0,1,0
"2857",964,1,1,0
"2858",964,2,1,0
"2859",964,3,1,0
"2860",965,0,1,0
"2861",965,1,1,0
"2862",965,2,1,0
"2863",965,3,1,0
"2864",966,0,1,0
"2865",966,1,1,0
"2866",966,2,1,0
"2867",966,3,1,1
"2868",967,0,0,0
"2869",967,1,1,0
"2870",967,2,1,0
"2871",967,3,0,0
"2872",968,0,0,0
"2873",968,1,1,0
"2874",968,2,1,0
"2875",968,3,1,0
"2876",970,0,1,0
"2877",970,1,1,0
"2878",970,2,0,1
"2879",970,3,1,0
"2880",972,0,1,0
"2881",972,1,1,0
"2882",972,2,0,1
"2883",972,3,0,1
"2884",973,0,1,0
"2885",973,1,1,0
"2886",973,2,0,1
"2887",973,3,0,0
"2888",974,0,1,0
"2889",974,1,1,0
"2890",974,2,0,0
"2891",974,3,0,1
"2892",975,0,0,0
"2893",975,1,0,0
"2894",975,2,0,1
"2895",975,3,0,0
"2896",976,0,0,0
"2897",976,1,0,0
"2898",976,2,0,1
"2899",976,3,0,1
"2900",977,0,0,0
"2901",977,1,0,0
"2902",977,2,0,0
"2903",977,3,0,1
"2904",978,0,1,1
"2905",978,1,0,0
"2906",978,2,1,0
"2907",978,3,1,0
"2908",980,0,0,0
"2909",980,1,0,0
"2910",980,2,0,1
"2911",980,3,0,1
"2912",981,0,0,1
"2913",981,1,0,0
"2914",981,2,0,1
"2915",981,3,0,0
"2916",982,0,1,1
"2917",982,1,0,0
"2918",982,2,0,0
"2919",982,3,0,0
"2920",985,0,0,0
"2921",985,1,0,0
"2922",985,2,0,0
"2923",985,3,0,0
"2924",986,0,0,0
"2925",986,1,0,1
"2926",986,2,0,1
"2927",986,3,0,1
"2928",987,0,0,0
"2929",987,1,0,0
"2930",987,2,0,0
"2931",987,3,0,0
"2932",988,0,0,0
"2933",988,1,0,0
"2934",988,2,0,0
"2935",988,3,0,0
"2936",990,0,0,0
"2937",990,1,0,0
"2938",990,2,0,1
"2939",990,3,0,0
"2940",991,0,0,0
"2941",991,1,0,1
"2942",991,2,0,0
"2943",991,3,0,1
"2944",993,0,1,1
"2945",993,1,1,0
"2946",993,2,1,1
"2947",993,3,1,1
"2948",995,0,0,0
"2949",995,1,0,0
"2950",995,2,0,0
"2951",995,3,0,1
"2952",997,1,0,1
"2953",997,2,0,0
"2954",997,3,1,1
"2955",998,0,0,0
"2956",998,1,1,0
"2957",998,2,0,0
"2958",998,3,0,0
"2959",999,0,1,1
"2960",999,1,0,0
"2961",999,2,0,1
"2962",999,3,0,1
"2963",1000,0,0,1
"2964",1000,1,1,1
"2965",1000,2,0,1
"2966",1000,3,0,1
"2967",1001,0,1,0
"2968",1001,1,0,0
"2969",1001,2,1,0
"2970",1001,3,0,0
"2971",1002,0,1,1
"2972",1002,1,0,0
"2973",1002,2,1,0
"2974",1002,3,1,1
"2975",1009,0,1,0
"2976",1009,1,1,0
"2977",1009,2,1,0
"2978",1009,3,1,0
"2979",1011,0,1,0
"2980",1011,1,1,0
"2981",1011,2,1,0
"2982",1011,3,1,0
"2983",1012,0,1,0
"2984",1012,1,1,0
"2985",1012,2,1,0
"2986",1012,3,1,0
"2987",1013,0,1,0
"2988",1013,1,1,0
"2989",1013,2,1,0
"2990",1013,3,1,0
"2991",1014,0,1,1
"2992",1014,1,1,0
"2993",1014,2,1,0
"2994",1014,3,1,0
"2995",1016,0,1,0
"2996",1016,1,1,0
"2997",1016,2,1,0
"2998",1016,3,1,0
"2999",1017,0,1,1
"3000",1017,1,1,0
"3001",1017,2,1,0
"3002",1017,3,1,0
"3003",1019,0,1,1
"3004",1019,1,1,1
"3005",1019,2,0,1
"3006",1019,3,1,1
"3007",1020,0,1,1
"3008",1020,1,0,1
"3009",1020,2,0,1
"3010",1020,3,1,1
"3011",1021,0,1,0
"3012",1021,2,1,1
"3013",1021,3,1,1
"3014",1022,0,0,0
"3015",1022,1,0,0
"3016",1022,2,0,0
"3017",1022,3,0,0
"3018",1023,0,0,1
"3019",1023,1,0,1
"3020",1023,2,0,0
"3021",1023,3,0,0
"3022",1024,0,1,1
"3023",1024,1,1,1
"3024",1024,2,1,1
"3025",1024,3,1,1
"3026",1025,0,1,1
"3027",1025,1,1,1
"3028",1025,2,0,1
"3029",1025,3,1,1
"3030",1026,0,0,1
"3031",1026,1,0,1
"3032",1026,2,0,1
"3033",1026,3,0,1
"3034",1027,0,1,0
"3035",1027,1,1,0
"3036",1027,2,1,0
"3037",1027,3,1,0
"3038",1029,0,0,1
"3039",1029,1,0,0
"3040",1029,2,0,0
"3041",1029,3,0,1
"3042",1030,0,1,1
"3043",1030,1,0,1
"3044",1030,2,0,0
"3045",1030,3,0,1
"3046",1032,0,1,1
"3047",1032,1,0,1
"3048",1032,2,0,0
"3049",1032,3,0,0
"3050",1033,0,1,0
"3051",1033,1,1,1
"3052",1033,2,1,1
"3053",1033,3,1,1
"3054",1034,0,1,1
"3055",1034,1,0,1
"3056",1034,2,0,1
"3057",1034,3,0,1
"3058",1035,0,0,0
"3059",1035,1,0,0
"3060",1035,2,0,0
"3061",1035,3,0,0
"3062",1037,0,0,0
"3063",1037,1,0,0
"3064",1037,2,0,0
"3065",1037,3,0,0
"3066",1038,0,0,0
"3067",1038,1,0,0
"3068",1038,2,0,1
"3069",1038,3,0,0
"3070",1040,0,0,0
"3071",1040,1,0,1
"3072",1040,2,0,0
"3073",1040,3,0,0
"3074",1041,0,0,0
"3075",1041,1,0,0
"3076",1041,2,0,0
"3077",1041,3,0,1
"3078",1043,0,0,0
"3079",1043,1,0,1
"3080",1043,2,0,0
"3081",1043,3,0,0
"3082",1044,0,0,1
"3083",1044,1,0,1
"3084",1044,2,1,1
"3085",1044,3,1,0
"3086",1045,0,0,1
"3087",1045,1,0,1
"3088",1045,2,1,1
"3089",1045,3,1,1
"3090",1046,0,0,1
"3091",1046,1,0,1
"3092",1046,2,0,1
"3093",1046,3,0,1
"3094",1047,0,0,1
"3095",1047,1,0,1
"3096",1047,2,0,0
"3097",1047,3,0,0
"3098",1048,0,1,1
"3099",1048,1,1,1
"3100",1048,2,1,1
"3101",1048,3,0,1
"3102",1049,0,1,1
"3103",1049,1,1,1
"3104",1049,2,1,1
"3105",1049,3,1,1
"3106",1050,0,1,1
"3107",1050,1,1,1
"3108",1050,2,0,1
"3109",1050,3,0,0
"3110",1053,0,0,1
"3111",1053,1,0,1
"3112",1053,2,0,1
"3113",1053,3,0,1
"3114",1054,0,0,1
"3115",1054,1,1,1
"3116",1054,2,1,1
"3117",1054,3,1,1
"3118",1056,0,1,1
"3119",1056,1,1,1
"3120",1056,2,1,1
"3121",1056,3,1,1
"3122",1057,0,0,1
"3123",1057,1,0,1
"3124",1057,2,0,1
"3125",1057,3,0,1
"3126",1058,0,0,1
"3127",1058,1,0,1
"3128",1058,2,1,1
"3129",1058,3,0,1
"3130",1059,0,1,0
"3131",1059,1,0,1
"3132",1059,2,1,1
"3133",1059,3,0,0
"3134",1060,0,0,0
"3135",1060,1,0,1
"3136",1060,2,0,1
"3137",1060,3,0,1
"3138",1061,0,0,1
"3139",1061,1,0,0
"3140",1061,2,0,0
"3141",1061,3,0,1
"3142",1062,0,0,1
"3143",1062,1,0,0
"3144",1062,2,0,1
"3145",1062,3,1,0
"3146",1063,0,0,0
"3147",1063,1,0,1
"3148",1063,2,0,1
"3149",1063,3,0,1
"3150",1064,0,0,0
"3151",1064,1,0,1
"3152",1064,2,0,1
"3153",1064,3,0,1
"3154",1065,0,1,1
"3155",1065,1,1,1
"3156",1065,2,0,1
"3157",1065,3,1,0
"3158",1066,0,0,0
"3159",1066,1,0,0
"3160",1066,2,0,0
"3161",1066,3,0,0
"3162",1067,0,0,1
"3163",1067,1,0,1
"3164",1067,2,0,1
"3165",1067,3,0,0
"3166",1068,0,1,1
"3167",1068,1,0,1
"3168",1068,2,0,1
"3169",1068,3,0,1
"3170",1069,0,0,1
"3171",1069,1,0,1
"3172",1069,2,0,1
"3173",1069,3,0,1
"3174",1070,0,0,0
"3175",1070,1,0,1
"3176",1070,2,1,1
"3177",1070,3,1,0
"3178",1073,0,0,0
"3179",1073,1,1,1
"3180",1073,2,0,1
"3181",1073,3,0,1
"3182",1074,0,1,1
"3183",1074,1,0,1
"3184",1074,2,0,1
"3185",1074,3,1,1
"3186",1075,0,0,1
"3187",1075,1,0,1
"3188",1075,2,0,1
"3189",1075,3,0,1
"3190",1076,0,1,1
"3191",1076,1,1,1
"3192",1076,2,0,1
"3193",1076,3,1,1
"3194",1077,0,0,1
"3195",1077,1,0,0
"3196",1077,2,1,1
"3197",1077,3,0,1
"3198",1078,0,0,1
"3199",1078,1,0,1
"3200",1078,2,0,1
"3201",1078,3,0,1
"3202",1080,0,1,0
"3203",1080,1,0,0
"3204",1080,2,1,0
"3205",1080,3,1,1
"3206",1081,0,1,0
"3207",1081,1,1,1
"3208",1081,2,1,1
"3209",1081,3,1,0
"3210",1082,0,0,0
"3211",1082,1,0,0
"3212",1082,2,1,0
"3213",1082,3,1,0
"3214",1083,0,1,1
"3215",1083,1,1,0
"3216",1083,2,1,1
"3217",1083,3,1,1
"3218",1084,0,1,0
"3219",1084,1,1,1
"3220",1084,2,1,0
"3221",1084,3,1,0
"3222",1085,0,0,0
"3223",1085,1,0,0
"3224",1085,2,0,1
"3225",1085,3,0,0
"3226",1087,0,1,0
"3227",1087,1,0,0
"3228",1087,2,0,0
"3229",1087,3,0,0
"3230",1088,0,1,0
"3231",1088,1,1,1
"3232",1088,2,1,1
"3233",1088,3,1,1
"3234",1089,0,1,0
"3235",1089,1,1,0
"3236",1089,2,1,0
"3237",1089,3,1,1
"3238",1090,0,0,0
"3239",1090,1,0,0
"3240",1090,2,0,0
"3241",1090,3,1,1
"3242",1091,0,0,0
"3243",1091,1,0,1
"3244",1091,2,1,0
"3245",1091,3,1,1
"3246",1092,1,1,1
"3247",1092,2,0,1
"3248",1092,3,1,1
"3249",1093,0,1,0
"3250",1093,1,0,1
"3251",1093,2,0,1
"3252",1093,3,0,1
"3253",1094,0,0,0
"3254",1094,1,0,1
"3255",1094,2,1,1
"3256",1094,3,1,1
"3257",1095,0,1,1
"3258",1095,1,1,0
"3259",1095,2,1,0
"3260",1095,3,1,0
"3261",1096,0,1,1
"3262",1096,1,1,0
"3263",1096,2,1,0
"3264",1096,3,1,0
"3265",1097,0,1,0
"3266",1097,1,1,0
"3267",1097,2,1,0
"3268",1097,3,1,0
"3269",1098,0,1,1
"3270",1098,1,1,1
"3271",1098,2,1,1
"3272",1098,3,1,1
"3273",1099,0,0,1
"3274",1099,1,0,0
"3275",1099,2,0,1
"3276",1099,3,0,1
"3277",1100,0,0,1
"3278",1100,1,0,0
"3279",1100,2,0,0
"3280",1100,3,0,0
"3281",1101,1,0,1
"3282",1101,2,0,1
"3283",1101,3,0,1
"3284",1102,0,1,0
"3285",1102,1,1,0
"3286",1102,2,1,0
"3287",1102,3,1,0
"3288",1103,0,1,1
"3289",1103,1,1,1
"3290",1103,2,1,1
"3291",1103,3,1,1
"3292",1104,0,0,1
"3293",1104,1,0,1
"3294",1104,2,0,0
"3295",1104,3,0,0
"3296",1105,0,1,0
"3297",1105,1,1,0
"3298",1105,2,1,0
"3299",1105,3,1,1
"3300",1106,0,0,0
"3301",1106,1,0,0
"3302",1106,2,0,0
"3303",1106,3,0,0
"3304",1107,0,0,0
"3305",1107,1,0,0
"3306",1107,2,0,0
"3307",1107,3,0,0
"3308",1108,0,0,0
"3309",1108,1,0,0
"3310",1108,2,0,1
"3311",1108,3,0,0
"3312",1109,0,0,0
"3313",1109,1,0,0
"3314",1109,2,0,0
"3315",1109,3,0,0
"3316",1110,0,1,1
"3317",1110,1,1,0
"3318",1110,2,1,0
"3319",1110,3,1,0
"3320",1112,0,1,1
"3321",1112,1,1,1
"3322",1112,2,1,0
"3323",1112,3,1,0
"3324",1115,0,0,1
"3325",1115,1,0,1
"3326",1115,2,0,1
"3327",1115,3,0,1
"3328",1116,0,1,0
"3329",1116,1,1,1
"3330",1116,2,1,0
"3331",1116,3,1,0
"3332",1117,0,0,1
"3333",1117,1,0,1
"3334",1117,2,0,1
"3335",1117,3,0,0
"3336",1118,0,1,0
"3337",1118,1,0,0
"3338",1118,2,1,0
"3339",1118,3,1,0
"3340",1121,0,1,0
"3341",1121,1,1,0
"3342",1121,2,1,0
"3343",1121,3,1,0
"3344",1122,0,1,1
"3345",1122,1,1,1
"3346",1122,2,1,1
"3347",1122,3,1,1
"3348",1123,0,0,1
"3349",1123,1,0,1
"3350",1123,2,0,1
"3351",1123,3,0,1
"3352",1124,0,1,1
"3353",1124,1,1,1
"3354",1124,2,1,1
"3355",1124,3,1,0
"3356",1125,0,1,0
"3357",1125,1,1,0
"3358",1125,2,1,0
"3359",1125,3,1,0
"3360",1126,0,1,1
"3361",1126,1,1,1
"3362",1126,2,1,1
"3363",1126,3,1,1
"3364",1127,0,0,0
"3365",1127,1,0,0
"3366",1127,2,0,1
"3367",1127,3,0,0
"3368",1128,0,0,0
"3369",1128,1,0,1
"3370",1128,2,0,1
"3371",1128,3,0,0
"3372",1129,0,0,1
"3373",1129,1,0,0
"3374",1129,2,0,1
"3375",1129,3,0,1
"3376",1131,0,1,1
"3377",1131,1,1,1
"3378",1131,2,1,1
"3379",1131,3,1,1
"3380",1132,0,1,1
"3381",1132,2,1,0
"3382",1132,3,0,1
"3383",1133,0,0,1
"3384",1133,1,0,1
"3385",1133,2,0,1
"3386",1133,3,0,1
"3387",1134,0,1,1
"3388",1134,1,0,0
"3389",1134,2,1,1
"3390",1134,3,1,1
"3391",1135,0,1,1
"3392",1135,1,1,0
"3393",1135,2,1,0
"3394",1135,3,1,1
"3395",1136,0,1,1
"3396",1136,1,1,1
"3397",1136,2,1,1
"3398",1136,3,1,0
"3399",1137,0,1,1
"3400",1137,1,1,1
"3401",1137,2,0,0
"3402",1137,3,1,0
"3403",1138,0,1,0
"3404",1138,1,1,0
"3405",1138,2,1,0
"3406",1138,3,1,0
"3407",1139,0,1,1
"3408",1139,1,1,1
"3409",1139,2,0,1
"3410",1139,3,1,0
"3411",1140,0,1,1
"3412",1140,1,1,1
"3413",1140,2,1,1
"3414",1140,3,1,1
"3415",1141,0,1,0
"3416",1141,1,1,1
"3417",1141,2,1,0
"3418",1141,3,1,0
"3419",1143,0,1,1
"3420",1143,1,1,0
"3421",1143,2,1,0
"3422",1143,3,1,1
"3423",1144,0,1,1
"3424",1144,1,1,1
"3425",1144,2,1,1
"3426",1144,3,1,1
"3427",1145,0,0,1
"3428",1145,1,0,1
"3429",1145,2,0,1
"3430",1145,3,0,1
"3431",1146,0,1,1
"3432",1146,1,1,1
"3433",1146,2,1,1
"3434",1146,3,1,1
"3435",1147,0,1,0
"3436",1147,1,1,0
"3437",1147,2,1,1
"3438",1147,3,1,1
"3439",1148,0,1,1
"3440",1148,1,0,1
"3441",1148,2,0,1
"3442",1148,3,0,1
"3443",1149,0,1,0
"3444",1149,1,1,0
"3445",1149,2,1,1
"3446",1149,3,1,1
"3447",1150,0,0,0
"3448",1150,1,0,1
"3449",1150,2,0,0
"3450",1150,3,0,0
"3451",1151,0,0,1
"3452",1151,1,0,1
"3453",1151,2,0,1
"3454",1151,3,0,1
"3455",1153,0,0,1
"3456",1153,1,0,1
"3457",1153,2,0,1
"3458",1153,3,0,0
"3459",1154,0,0,0
"3460",1154,1,0,1
"3461",1154,2,0,1
"3462",1154,3,0,1
"3463",1155,0,1,1
"3464",1155,1,1,1
"3465",1155,2,1,1
"3466",1155,3,1,0
"3467",1156,0,1,0
"3468",1156,1,1,1
"3469",1156,2,1,1
"3470",1156,3,1,1
"3471",1157,0,1,0
"3472",1157,1,1,1
"3473",1157,2,1,1
"3474",1157,3,1,1
"3475",1159,0,0,1
"3476",1159,1,0,1
"3477",1159,2,0,1
"3478",1159,3,0,0
"3479",1160,0,0,0
"3480",1160,1,0,1
"3481",1160,2,0,0
"3482",1160,3,0,1
"3483",1161,0,0,0
"3484",1161,1,0,0
"3485",1161,2,0,0
"3486",1161,3,0,1
"3487",1162,0,0,1
"3488",1162,1,0,1
"3489",1162,2,0,1
"3490",1162,3,0,1
"3491",1163,0,0,1
"3492",1163,1,0,1
"3493",1163,2,0,1
"3494",1163,3,0,1
"3495",1164,0,0,0
"3496",1164,1,0,1
"3497",1164,2,0,0
"3498",1164,3,0,1
"3499",1165,0,1,1
"3500",1165,1,0,1
"3501",1165,2,0,1
"3502",1165,3,0,1
"3503",1166,0,1,1
"3504",1166,1,1,0
"3505",1166,2,1,1
"3506",1166,3,1,1
"3507",1167,0,0,1
"3508",1167,1,0,1
"3509",1167,2,0,0
"3510",1167,3,0,1
"3511",1168,0,1,0
"3512",1168,1,1,0
"3513",1168,2,1,0
"3514",1168,3,1,0
"3515",1169,0,0,0
"3516",1169,1,0,0
"3517",1169,2,0,0
"3518",1169,3,0,0
"3519",1170,0,0,0
"3520",1170,1,1,0
"3521",1170,2,0,1
"3522",1170,3,1,1
"3523",1171,0,0,1
"3524",1171,1,0,0
"3525",1171,2,0,1
"3526",1171,3,0,1
"3527",1172,0,0,0
"3528",1172,1,0,1
"3529",1172,2,0,0
"3530",1172,3,0,1
"3531",1173,0,1,1
"3532",1173,1,1,1
"3533",1173,2,1,0
"3534",1173,3,1,0
"3535",1174,0,0,0
"3536",1174,1,0,0
"3537",1174,2,0,1
"3538",1174,3,0,1
"3539",1175,0,1,1
"3540",1175,1,1,0
"3541",1175,2,1,1
"3542",1175,3,1,1
"3543",1176,0,1,1
"3544",1176,1,1,1
"3545",1176,2,1,0
"3546",1176,3,0,1
"3547",1177,0,1,0
"3548",1177,1,1,0
"3549",1177,2,1,0
"3550",1177,3,1,0
"3551",1179,0,1,1
"3552",1179,1,1,1
"3553",1179,2,1,0
"3554",1179,3,1,1
"3555",1180,0,1,1
"3556",1180,1,1,1
"3557",1180,2,1,1
"3558",1180,3,1,1
"3559",1181,0,0,1
"3560",1181,1,0,0
"3561",1181,2,0,1
"3562",1181,3,0,1
"3563",1182,0,0,1
"3564",1182,1,0,0
"3565",1182,2,0,0
"3566",1182,3,0,0
"3567",1183,0,0,1
"3568",1183,1,0,1
"3569",1183,2,0,1
"3570",1183,3,0,0
"3571",1184,0,0,0
"3572",1184,1,0,0
"3573",1184,2,0,0
"3574",1184,3,0,0
"3575",1186,0,0,1
"3576",1186,1,0,1
"3577",1186,2,0,0
"3578",1186,3,0,0
"3579",1187,0,0,1
"3580",1187,1,0,1
"3581",1187,2,0,1
"3582",1187,3,1,1
"3583",1188,0,1,1
"3584",1188,1,1,1
"3585",1188,2,1,1
"3586",1188,3,1,1
"3587",1189,0,1,1
"3588",1189,1,1,1
"3589",1189,2,1,1
"3590",1189,3,1,1
"3591",1190,0,0,0
"3592",1190,1,0,0
"3593",1190,2,0,1
"3594",1190,3,0,1
"3595",1191,0,0,0
"3596",1191,1,0,0
"3597",1191,2,1,1
"3598",1191,3,0,1
"3599",1192,0,0,0
"3600",1192,1,0,0
"3601",1192,2,0,0
"3602",1192,3,0,1
"3603",1193,0,0,1
"3604",1193,1,0,0
"3605",1193,2,0,1
"3606",1193,3,0,1
"3607",1194,0,0,0
"3608",1194,1,0,0
"3609",1194,2,0,1
"3610",1194,3,0,1
"3611",1195,0,0,0
"3612",1195,1,0,0
"3613",1195,2,0,0
"3614",1195,3,0,1
"3615",1196,0,0,0
"3616",1196,1,0,0
"3617",1196,2,0,1
"3618",1196,3,0,1
"3619",1197,0,0,1
"3620",1197,1,0,1
"3621",1197,2,0,1
"3622",1197,3,0,1
"3623",1198,0,0,0
"3624",1198,1,0,1
"3625",1198,2,0,1
"3626",1198,3,0,1
"3627",1199,0,1,1
"3628",1199,1,1,1
"3629",1199,2,1,1
"3630",1199,3,1,1
"3631",1200,0,0,1
"3632",1200,1,0,0
"3633",1200,2,0,1
"3634",1200,3,0,1
"3635",1201,0,1,1
"3636",1201,1,1,1
"3637",1201,2,1,1
"3638",1201,3,1,1
"3639",1202,0,0,1
"3640",1202,1,0,1
"3641",1202,2,0,1
"3642",1202,3,0,1
"3643",1203,0,0,0
"3644",1203,1,0,0
"3645",1203,2,0,1
"3646",1203,3,0,0
"3647",1204,0,1,1
"3648",1204,1,1,0
"3649",1204,2,1,0
"3650",1204,3,1,0
"3651",1205,0,0,0
"3652",1205,1,0,0
"3653",1205,2,0,1
"3654",1205,3,0,1
"3655",1206,0,0,1
"3656",1206,1,0,1
"3657",1206,2,0,1
"3658",1206,3,0,1
"3659",1207,0,0,0
"3660",1207,1,0,0
"3661",1207,2,0,0
"3662",1207,3,0,0
"3663",1208,0,0,0
"3664",1208,1,0,0
"3665",1208,2,0,1
"3666",1208,3,0,1
"3667",1209,0,1,1
"3668",1209,1,1,1
"3669",1209,2,1,1
"3670",1209,3,1,1
"3671",1210,0,0,1
"3672",1210,1,0,0
"3673",1210,2,0,1
"3674",1210,3,1,1
"3675",1211,0,1,1
"3676",1211,1,1,1
"3677",1211,2,0,0
"3678",1211,3,1,1
"3679",1212,0,0,0
"3680",1212,1,0,1
"3681",1212,2,0,0
"3682",1212,3,0,1
"3683",1213,0,1,1
"3684",1213,1,0,1
"3685",1213,2,0,1
"3686",1213,3,0,1
"3687",1215,0,0,1
"3688",1215,1,0,0
"3689",1215,2,0,1
"3690",1215,3,0,1
"3691",1216,0,0,1
"3692",1216,1,0,0
"3693",1216,2,0,1
"3694",1216,3,0,1
"3695",1217,0,0,1
"3696",1217,1,0,1
"3697",1217,2,0,0
"3698",1217,3,0,0
"3699",1218,0,0,0
"3700",1218,1,0,0
"3701",1218,2,0,1
"3702",1218,3,0,0
"3703",1219,0,1,1
"3704",1219,1,1,0
"3705",1219,2,1,0
"3706",1219,3,1,0
"3707",1220,0,1,1
"3708",1220,1,1,0
"3709",1220,2,0,0
"3710",1220,3,1,0
"3711",1221,0,1,0
"3712",1221,1,1,0
"3713",1221,2,1,0
"3714",1221,3,1,0
"3715",1223,0,1,0
"3716",1223,1,1,0
"3717",1223,2,1,0
"3718",1223,3,1,0
"3719",1224,0,1,0
"3720",1224,1,1,0
"3721",1224,2,1,0
"3722",1224,3,1,0
"3723",1225,0,1,0
"3724",1225,1,1,0
"3725",1225,2,1,0
"3726",1225,3,1,0
"3727",1226,0,0,1
"3728",1226,1,0,1
"3729",1226,2,0,1
"3730",1226,3,0,1
"3731",1227,0,0,1
"3732",1227,1,0,1
"3733",1227,2,0,1
"3734",1227,3,0,1
"3735",1228,0,0,1
"3736",1228,1,0,1
"3737",1228,2,0,1
"3738",1228,3,0,1
"3739",1229,0,1,1
"3740",1229,1,1,1
"3741",1229,2,0,1
"3742",1229,3,0,1
"3743",1230,0,1,0
"3744",1230,1,1,0
"3745",1230,2,1,0
"3746",1230,3,1,0
"3747",1231,0,0,0
"3748",1231,2,0,1
"3749",1231,3,0,1
"3750",1232,0,0,1
"3751",1232,1,0,0
"3752",1232,2,0,1
"3753",1232,3,0,0
"3754",1233,0,0,1
"3755",1233,1,0,1
"3756",1233,2,0,1
"3757",1233,3,0,1
"3758",1236,0,0,1
"3759",1236,1,0,1
"3760",1236,2,0,1
"3761",1236,3,0,1
"3762",1237,0,0,0
"3763",1237,1,0,1
"3764",1237,2,0,1
"3765",1237,3,0,1
"3766",1238,0,0,0
"3767",1238,1,0,0
"3768",1238,2,0,1
"3769",1238,3,0,1
"3770",1239,0,0,1
"3771",1239,1,0,0
"3772",1239,2,0,1
"3773",1239,3,0,1
"3774",1240,0,1,1
"3775",1240,1,1,0
"3776",1240,2,1,0
"3777",1240,3,1,0
"3778",1241,0,1,1
"3779",1241,1,1,0
"3780",1241,2,0,1
"3781",1241,3,1,1
"3782",1243,0,1,1
"3783",1243,1,1,0
"3784",1243,2,1,0
"3785",1243,3,1,0
"3786",1244,0,1,0
"3787",1244,1,0,0
"3788",1244,2,0,0
"3789",1244,3,0,0
"3790",1245,0,1,0
"3791",1245,1,1,0
"3792",1245,2,1,0
"3793",1245,3,1,0
"3794",1246,0,1,0
"3795",1246,1,1,0
"3796",1246,2,1,0
"3797",1246,3,1,0
"3798",1248,0,1,1
"3799",1248,1,1,0
"3800",1248,2,1,0
"3801",1248,3,1,0
"3802",1249,0,1,0
"3803",1249,1,1,0
"3804",1249,2,1,0
"3805",1249,3,1,0
"3806",1250,0,1,1
"3807",1250,1,1,1
"3808",1250,2,1,0
"3809",1250,3,1,0
"3810",1252,0,1,0
"3811",1252,1,0,0
"3812",1252,2,1,0
"3813",1252,3,1,0
"3814",1254,0,0,1
"3815",1254,1,1,1
"3816",1254,2,0,0
"3817",1254,3,0,1
"3818",1255,0,1,1
"3819",1255,1,0,1
"3820",1255,2,1,0
"3821",1255,3,0,1
"3822",1256,0,0,1
"3823",1256,1,1,1
"3824",1256,2,0,1
"3825",1256,3,1,1
"3826",1257,0,0,1
"3827",1257,1,0,1
"3828",1257,2,0,1
"3829",1257,3,0,1
"3830",1258,0,0,1
"3831",1258,1,0,1
"3832",1258,2,0,1
"3833",1258,3,0,1
"3834",1259,0,1,1
"3835",1259,1,1,1
"3836",1259,2,1,0
"3837",1259,3,1,1
"3838",1260,0,1,1
"3839",1260,1,0,1
"3840",1260,2,1,0
"3841",1260,3,0,1
"3842",1261,0,1,1
"3843",1261,1,1,0
"3844",1261,2,1,1
"3845",1261,3,1,0
"3846",1262,0,0,1
"3847",1262,1,0,1
"3848",1262,2,0,0
"3849",1262,3,0,1
"3850",1263,0,0,0
"3851",1263,1,0,0
"3852",1263,2,0,1
"3853",1263,3,0,1
"3854",1265,0,0,1
"3855",1265,1,1,1
"3856",1265,2,0,0
"3857",1265,3,0,1
"3858",1266,0,0,1
"3859",1266,1,0,1
"3860",1266,2,0,1
"3861",1266,3,0,1
"3862",1267,0,0,1
"3863",1267,1,0,1
"3864",1267,2,0,1
"3865",1267,3,0,1
"3866",1268,0,0,1
"3867",1268,1,1,1
"3868",1268,2,0,1
"3869",1268,3,0,1
"3870",1269,0,0,1
"3871",1269,1,0,1
"3872",1269,2,0,1
"3873",1269,3,0,1
"3874",1270,0,0,0
"3875",1270,1,0,0
"3876",1270,2,0,1
"3877",1270,3,0,0
"3878",1271,0,0,1
"3879",1271,1,0,1
"3880",1271,2,0,1
"3881",1271,3,0,1
"3882",1272,0,0,1
"3883",1272,1,0,1
"3884",1272,2,0,1
"3885",1272,3,0,1
"3886",1273,0,0,1
"3887",1273,1,0,1
"3888",1273,2,0,1
"3889",1273,3,0,1
"3890",1274,0,0,0
"3891",1274,1,0,1
"3892",1274,2,0,1
"3893",1274,3,0,1
"3894",1275,0,1,1
"3895",1275,1,1,1
"3896",1275,2,0,1
"3897",1275,3,1,0
"3898",1276,0,1,1
"3899",1276,1,1,1
"3900",1276,2,0,1
"3901",1276,3,1,1
"3902",1277,0,0,1
"3903",1277,1,0,1
"3904",1277,2,0,1
"3905",1277,3,0,1
"3906",1278,0,0,1
"3907",1278,1,0,1
"3908",1278,2,0,0
"3909",1278,3,0,1
"3910",1279,0,1,1
"3911",1279,1,0,1
"3912",1279,2,0,1
"3913",1279,3,0,1
"3914",1280,0,0,1
"3915",1280,1,1,1
"3916",1280,2,0,1
"3917",1280,3,1,0
"3918",1281,0,0,0
"3919",1281,1,0,1
"3920",1281,2,0,1
"3921",1281,3,0,1
"3922",1282,0,0,0
"3923",1282,1,1,0
"3924",1282,2,0,0
"3925",1282,3,1,0
"3926",1283,0,0,1
"3927",1283,1,0,1
"3928",1283,2,0,1
"3929",1283,3,1,1
"3930",1284,0,0,1
"3931",1284,1,1,0
"3932",1284,2,0,1
"3933",1284,3,0,1
"3934",1285,0,1,1
"3935",1285,1,1,0
"3936",1285,2,1,1
"3937",1285,3,1,1
"3938",1286,0,0,0
"3939",1286,1,0,1
"3940",1286,2,0,1
"3941",1286,3,0,1
"3942",1287,0,0,1
"3943",1287,1,0,1
"3944",1287,2,0,1
"3945",1287,3,0,1
"3946",1288,0,1,0
"3947",1288,1,1,0
"3948",1288,2,0,0
"3949",1288,3,0,1
"3950",1289,0,1,1
"3951",1289,1,1,1
"3952",1289,2,1,1
"3953",1289,3,1,1
"3954",1290,0,1,1
"3955",1290,1,0,0
"3956",1290,2,1,0
"3957",1290,3,0,0
"3958",1291,0,1,0
"3959",1291,1,0,0
"3960",1291,2,1,0
"3961",1291,3,1,0
"3962",1292,0,1,0
"3963",1292,1,1,0
"3964",1292,2,1,0
"3965",1292,3,1,0
"3966",1294,0,1,0
"3967",1294,1,1,0
"3968",1294,2,1,1
"3969",1294,3,1,0
"3970",1295,0,1,0
"3971",1295,1,1,0
"3972",1295,2,1,0
"3973",1295,3,1,1
"3974",1300,0,1,1
"3975",1300,1,1,0
"3976",1300,2,1,0
"3977",1300,3,1,0
"3978",1301,0,1,1
"3979",1301,1,1,0
"3980",1301,2,1,0
"3981",1301,3,1,0
"3982",1302,0,1,1
"3983",1302,1,1,0
"3984",1302,2,1,0
"3985",1302,3,1,1
"3986",1305,0,1,1
"3987",1305,1,1,1
"3988",1305,2,1,0
"3989",1305,3,1,0
"3990",1306,0,1,0
"3991",1306,1,1,0
"3992",1306,2,1,1
"3993",1306,3,1,1
"3994",1307,0,1,0
"3995",1307,1,0,1
"3996",1307,2,1,1
"3997",1307,3,1,1
"3998",1308,0,1,1
"3999",1308,1,1,1
"4000",1308,2,1,1
"4001",1308,3,1,0
"4002",1309,0,1,1
"4003",1309,1,1,1
"4004",1309,2,1,0
"4005",1309,3,1,0
"4006",1310,0,1,0
"4007",1310,1,1,0
"4008",1310,2,1,0
"4009",1310,3,1,0
"4010",1311,0,1,1
"4011",1311,1,0,1
"4012",1311,2,1,1
"4013",1311,3,1,1
"4014",1312,2,0,0
"4015",1312,3,0,0
"4016",1313,0,1,0
"4017",1313,2,1,1
"4018",1313,3,1,1
"4019",1314,0,0,1
"4020",1314,1,0,1
"4021",1314,2,0,1
"4022",1314,3,0,1
"4023",1315,0,0,1
"4024",1315,1,0,1
"4025",1315,2,0,1
"4026",1315,3,0,1
"4027",1316,0,1,1
"4028",1316,1,1,1
"4029",1316,2,1,0
"4030",1316,3,1,1
"4031",1317,0,0,1
"4032",1317,1,0,1
"4033",1317,2,0,1
"4034",1317,3,0,1
"4035",1318,0,1,1
"4036",1318,1,1,1
"4037",1318,2,1,0
"4038",1318,3,1,0
"4039",1319,0,0,1
"4040",1319,1,0,1
"4041",1319,2,0,1
"4042",1319,3,0,0
"4043",1320,0,1,1
"4044",1320,1,1,1
"4045",1320,2,1,1
"4046",1320,3,1,1
"4047",1321,0,0,1
"4048",1321,1,0,1
"4049",1321,2,0,1
"4050",1321,3,0,1
"4051",1322,0,0,1
"4052",1322,1,0,1
"4053",1322,2,0,1
"4054",1322,3,0,1
"4055",1323,0,0,1
"4056",1323,1,0,1
"4057",1323,2,0,1
"4058",1323,3,0,1
"4059",1324,0,1,1
"4060",1324,1,1,1
"4061",1324,2,1,1
"4062",1324,3,1,1
"4063",1325,0,0,1
"4064",1325,1,0,1
"4065",1325,2,0,1
"4066",1325,3,0,1
"4067",1326,0,1,0
"4068",1326,1,1,1
"4069",1326,2,1,1
"4070",1326,3,1,1
"4071",1327,0,0,1
"4072",1327,1,0,1
"4073",1327,2,0,1
"4074",1327,3,0,1
"4075",1328,0,0,1
"4076",1328,1,0,1
"4077",1328,2,1,1
"4078",1328,3,1,1
"4079",1329,0,1,0
"4080",1329,1,1,0
"4081",1329,2,1,0
"4082",1329,3,1,0
"4083",1330,0,1,1
"4084",1330,1,1,1
"4085",1330,2,0,0
"4086",1330,3,1,0
"4087",1331,0,1,1
"4088",1331,1,1,0
"4089",1331,2,1,0
"4090",1331,3,1,0
"4091",1332,0,1,1
"4092",1332,1,1,1
"4093",1332,2,1,0
"4094",1332,3,0,0
"4095",1334,0,1,1
"4096",1334,1,0,0
"4097",1334,2,1,1
"4098",1334,3,1,1
"4099",1335,0,1,1
"4100",1335,1,1,1
"4101",1335,2,1,1
"4102",1335,3,1,1
"4103",1336,0,1,1
"4104",1336,1,0,0
"4105",1336,2,1,0
"4106",1336,3,1,1
"4107",1337,0,1,0
"4108",1337,1,0,0
"4109",1337,2,1,0
"4110",1337,3,1,0
"4111",1338,0,1,1
"4112",1338,1,1,0
"4113",1338,2,1,1
"4114",1338,3,0,1
"4115",1339,0,1,0
"4116",1339,1,1,1
"4117",1339,2,0,1
"4118",1339,3,0,1
"4119",1340,0,1,0
"4120",1340,1,1,0
"4121",1340,2,0,0
"4122",1340,3,1,0
"4123",1341,0,1,1
"4124",1341,1,1,1
"4125",1341,2,0,1
"4126",1341,3,0,1
"4127",1342,0,1,0
"4128",1342,1,1,1
"4129",1342,2,1,1
"4130",1342,3,1,1
"4131",1344,0,1,0
"4132",1344,1,1,1
"4133",1344,2,0,0
"4134",1344,3,1,0
"4135",1345,0,1,0
"4136",1345,1,1,0
"4137",1345,2,1,0
"4138",1345,3,1,0
"4139",1346,0,1,0
"4140",1346,1,1,0
"4141",1346,2,1,0
"4142",1346,3,1,1
"4143",1347,0,1,0
"4144",1347,1,1,1
"4145",1347,2,1,0
"4146",1347,3,1,0
"4147",1349,0,1,0
"4148",1349,1,1,0
"4149",1349,2,1,0
"4150",1349,3,1,0
"4151",1350,0,1,1
"4152",1350,1,1,1
"4153",1350,2,1,0
"4154",1350,3,0,0
"4155",1351,0,1,1
"4156",1351,1,1,1
"4157",1351,2,1,1
"4158",1351,3,1,1
"4159",1352,0,1,1
"4160",1352,1,1,0
"4161",1352,2,1,1
"4162",1352,3,1,0
"4163",1353,0,0,1
"4164",1353,1,0,1
"4165",1353,2,0,1
"4166",1353,3,0,1
"4167",1354,0,0,0
"4168",1354,1,0,1
"4169",1354,2,1,1
"4170",1354,3,1,1
"4171",1355,0,0,1
"4172",1355,1,0,1
"4173",1355,2,1,1
"4174",1355,3,1,1
"4175",1356,0,0,1
"4176",1356,1,1,1
"4177",1356,2,1,1
"4178",1356,3,1,1
"4179",1357,0,0,0
"4180",1357,1,0,1
"4181",1357,2,0,1
"4182",1357,3,0,1
"4183",1358,0,0,0
"4184",1358,1,0,1
"4185",1358,2,0,1
"4186",1358,3,0,1
"4187",1360,0,0,1
"4188",1360,1,0,1
"4189",1360,2,0,1
"4190",1360,3,0,1
"4191",1361,0,0,1
"4192",1361,1,0,1
"4193",1361,2,0,1
"4194",1361,3,0,1
"4195",1363,0,1,0
"4196",1363,1,1,0
"4197",1363,2,1,0
"4198",1363,3,0,1
"4199",1365,0,1,1
"4200",1365,1,1,0
"4201",1365,2,0,0
"4202",1365,3,1,0
"4203",1366,0,0,1
"4204",1366,1,0,1
"4205",1366,2,0,1
"4206",1366,3,0,1
"4207",1367,0,1,1
"4208",1367,1,1,1
"4209",1367,2,1,1
"4210",1367,3,1,1
"4211",1368,0,0,1
"4212",1368,1,0,1
"4213",1368,2,1,1
"4214",1368,3,0,1
"4215",1370,0,1,1
"4216",1370,1,1,1
"4217",1370,2,1,1
"4218",1370,3,1,1
"4219",1372,0,1,1
"4220",1372,1,0,1
"4221",1372,2,1,1
"4222",1372,3,1,1
"4223",1373,0,1,1
"4224",1373,1,1,0
"4225",1373,2,1,0
"4226",1373,3,1,0
"4227",1374,0,1,0
"4228",1374,1,0,0
"4229",1374,2,1,0
"4230",1374,3,1,0
"4231",1375,0,1,0
"4232",1375,1,1,1
"4233",1375,2,1,0
"4234",1375,3,1,0
"4235",1379,0,1,1
"4236",1379,1,1,0
"4237",1379,2,1,0
"4238",1379,3,1,0
"4239",1380,0,1,0
"4240",1380,1,0,0
"4241",1380,2,0,0
"4242",1380,3,1,0
"4243",1383,0,0,1
"4244",1383,1,0,1
"4245",1383,2,0,1
"4246",1383,3,0,1
"4247",1385,0,0,1
"4248",1385,1,0,1
"4249",1385,2,0,1
"4250",1385,3,0,1
"4251",1386,0,0,1
"4252",1386,1,0,0
"4253",1386,2,1,1
"4254",1386,3,1,1
"4255",1387,0,0,1
"4256",1387,1,1,1
"4257",1387,2,0,1
"4258",1387,3,0,1
"4259",1388,0,1,1
"4260",1388,1,1,0
"4261",1388,2,1,0
"4262",1388,3,1,0
"4263",1389,0,0,1
"4264",1389,1,0,1
"4265",1389,2,0,1
"4266",1389,3,0,1
"4267",1392,0,1,1
"4268",1392,1,1,0
"4269",1392,2,1,0
"4270",1392,3,1,0
"4271",1393,0,1,0
"4272",1393,1,1,0
"4273",1393,2,1,0
"4274",1393,3,1,0
"4275",1394,0,0,1
"4276",1394,1,0,1
"4277",1394,2,0,1
"4278",1394,3,0,1
"4279",1395,0,0,1
"4280",1395,1,0,1
"4281",1395,2,0,1
"4282",1395,3,0,1
"4283",1396,0,1,1
"4284",1396,1,1,0
"4285",1396,2,0,0
"4286",1396,3,1,0
"4287",1397,0,0,1
"4288",1397,1,1,0
"4289",1397,2,0,1
"4290",1397,3,0,1
"4291",1398,0,1,0
"4292",1398,1,0,1
"4293",1398,2,1,0
"4294",1398,3,1,0
"4295",1399,0,1,1
"4296",1399,1,1,0
"4297",1399,2,1,0
"4298",1399,3,1,0
"4299",1400,0,0,1
"4300",1400,1,0,1
"4301",1400,2,0,1
"4302",1400,3,0,1
"4303",1401,0,0,1
"4304",1401,1,0,1
"4305",1401,2,0,0
"4306",1401,3,0,1
"4307",1402,0,0,1
"4308",1402,1,0,1
"4309",1402,2,0,1
"4310",1402,3,0,1
"4311",1404,0,0,1
"4312",1404,1,0,1
"4313",1404,2,0,1
"4314",1404,3,0,1
"4315",1405,0,0,0
"4316",1405,1,0,1
"4317",1405,2,0,1
"4318",1405,3,0,0
"4319",1406,0,1,1
"4320",1406,1,1,0
"4321",1406,2,1,1
"4322",1406,3,1,1
"4323",1407,0,1,1
"4324",1407,1,1,0
"4325",1407,2,1,0
"4326",1407,3,1,0
"4327",1408,0,1,1
"4328",1408,1,1,0
"4329",1408,2,1,0
"4330",1408,3,1,1
"4331",1409,0,1,0
"4332",1409,1,1,0
"4333",1409,2,1,0
"4334",1409,3,1,0
"4335",1410,0,1,1
"4336",1410,1,1,0
"4337",1410,2,1,0
"4338",1410,3,1,1
"4339",1411,0,1,0
"4340",1411,1,0,0
"4341",1411,2,1,0
"4342",1411,3,1,0
"4343",1412,0,1,1
"4344",1412,1,1,0
"4345",1412,2,1,0
"4346",1412,3,1,0
"4347",1415,0,1,1
"4348",1415,1,0,0
"4349",1415,2,1,0
"4350",1415,3,1,0
"4351",1416,0,1,1
"4352",1416,1,1,1
"4353",1416,2,1,1
"4354",1416,3,0,1
"4355",1417,0,1,1
"4356",1417,1,0,0
"4357",1417,2,1,0
"4358",1417,3,1,0
"4359",1418,0,1,1
"4360",1418,1,1,0
"4361",1418,2,1,1
"4362",1418,3,1,0
"4363",1419,0,0,1
"4364",1419,1,1,1
"4365",1419,2,0,1
"4366",1419,3,0,1
"4367",1420,0,0,1
"4368",1420,1,0,1
"4369",1420,2,0,1
"4370",1420,3,0,0
"4371",1421,0,0,1
"4372",1421,1,0,1
"4373",1421,2,0,1
"4374",1421,3,0,1
"4375",1422,0,0,1
"4376",1422,1,0,1
"4377",1422,2,1,1
"4378",1422,3,1,1
"4379",1423,0,1,1
"4380",1423,1,1,0
"4381",1423,2,1,0
"4382",1423,3,0,0
"4383",1424,0,1,0
"4384",1424,1,1,0
"4385",1424,2,1,0
"4386",1424,3,0,0
"4387",1425,0,0,1
"4388",1425,1,0,1
"4389",1425,2,0,1
"4390",1425,3,0,1
"4391",1426,0,0,1
"4392",1426,1,0,1
"4393",1426,2,1,0
"4394",1426,3,1,0
"4395",1428,0,0,1
"4396",1428,1,0,1
"4397",1428,2,0,1
"4398",1428,3,0,1
"4399",1429,0,1,1
"4400",1429,1,0,1
"4401",1429,2,0,1
"4402",1429,3,0,0
"4403",1430,0,1,0
"4404",1430,1,1,0
"4405",1430,2,1,0
"4406",1430,3,1,0
"4407",1432,0,1,0
"4408",1432,1,1,0
"4409",1432,2,1,0
"4410",1432,3,1,0
"4411",1433,0,0,0
"4412",1433,1,0,0
"4413",1433,2,1,0
"4414",1433,3,1,0
"4415",1434,0,0,0
"4416",1434,1,0,0
"4417",1434,2,1,0
"4418",1434,3,1,0
"4419",1435,0,0,0
"4420",1435,1,1,0
"4421",1435,2,1,0
"4422",1435,3,1,0
"4423",1436,0,0,1
"4424",1436,1,0,1
"4425",1436,2,0,1
"4426",1436,3,0,1
"4427",1438,0,0,1
"4428",1438,1,0,1
"4429",1438,2,1,1
"4430",1438,3,1,1
"4431",1439,0,0,1
"4432",1439,1,0,1
"4433",1439,2,0,1
"4434",1439,3,0,1
"4435",1440,0,1,0
"4436",1440,1,1,0
"4437",1440,2,0,1
"4438",1440,3,0,1
"4439",1441,0,0,1
"4440",1441,1,0,1
"4441",1441,2,1,1
"4442",1441,3,1,1
"4443",1442,0,0,1
"4444",1442,1,0,1
"4445",1442,2,0,1
"4446",1442,3,0,1
"4447",1443,0,1,0
"4448",1443,1,1,0
"4449",1443,2,1,1
"4450",1443,3,1,1
"4451",1444,0,0,1
"4452",1444,1,0,1
"4453",1444,2,0,1
"4454",1444,3,0,1
"4455",1445,0,0,1
"4456",1445,1,0,1
"4457",1445,2,0,1
"4458",1445,3,0,1
"4459",1446,0,0,1
"4460",1446,1,0,1
"4461",1446,2,0,1
"4462",1446,3,0,1
"4463",1450,0,1,1
"4464",1450,1,1,0
"4465",1450,2,1,0
"4466",1450,3,1,0
"4467",1452,0,1,0
"4468",1452,1,1,0
"4469",1452,2,1,0
"4470",1452,3,1,0
"4471",1453,0,0,1
"4472",1453,1,0,1
"4473",1453,2,0,1
"4474",1453,3,0,1
"4475",1455,0,0,1
"4476",1455,1,0,1
"4477",1455,2,0,1
"4478",1455,3,0,1
"4479",1456,0,0,1
"4480",1456,1,0,1
"4481",1456,2,0,1
"4482",1456,3,0,0
"4483",1457,0,0,1
"4484",1457,1,0,1
"4485",1457,2,0,1
"4486",1457,3,1,0
"4487",1458,0,0,1
"4488",1458,1,0,1
"4489",1458,2,0,1
"4490",1458,3,0,1
"4491",1459,0,1,1
"4492",1459,1,1,1
"4493",1459,2,0,1
"4494",1459,3,0,1
"4495",1460,0,1,0
"4496",1460,1,0,1
"4497",1460,2,1,1
"4498",1460,3,1,1
"4499",1462,0,0,1
"4500",1462,1,0,1
"4501",1462,2,0,1
"4502",1462,3,0,1
"4503",1463,0,0,0
"4504",1463,1,0,1
"4505",1463,2,0,1
"4506",1463,3,0,1
"4507",1464,0,1,1
"4508",1464,1,1,0
"4509",1464,2,1,1
"4510",1464,3,1,1
"4511",1465,0,0,1
"4512",1465,1,0,1
"4513",1465,2,0,1
"4514",1465,3,0,1
"4515",1466,0,0,1
"4516",1466,1,0,1
"4517",1466,2,0,1
"4518",1466,3,0,0
"4519",1468,0,0,1
"4520",1468,1,0,1
"4521",1468,2,0,1
"4522",1468,3,0,0
"4523",1469,0,0,1
"4524",1469,1,0,1
"4525",1469,2,0,1
"4526",1469,3,0,1
"4527",1470,0,1,1
"4528",1470,1,1,0
"4529",1470,2,1,0
"4530",1470,3,1,0
"4531",1472,0,1,1
"4532",1472,1,1,1
"4533",1472,2,1,1
"4534",1472,3,1,0
"4535",1473,0,1,1
"4536",1473,1,1,1
"4537",1473,2,1,1
"4538",1473,3,0,1
"4539",1474,0,0,1
"4540",1474,1,0,1
"4541",1474,2,0,1
"4542",1474,3,0,1
"4543",1475,0,0,1
"4544",1475,1,0,1
"4545",1475,2,0,1
"4546",1475,3,0,1
"4547",1476,0,0,1
"4548",1476,1,1,1
"4549",1476,2,1,1
"4550",1476,3,1,1
"4551",1477,0,1,1
"4552",1477,1,0,1
"4553",1477,2,1,1
"4554",1477,3,0,1
"4555",1478,0,0,1
"4556",1478,1,0,1
"4557",1478,2,0,1
"4558",1478,3,0,1
"4559",1479,0,0,1
"4560",1479,1,0,1
"4561",1479,2,0,1
"4562",1479,3,0,1
"4563",1480,0,0,1
"4564",1480,1,0,1
"4565",1480,2,0,1
"4566",1480,3,1,1
"4567",1481,0,0,1
"4568",1481,1,0,1
"4569",1481,2,0,1
"4570",1481,3,0,1
"4571",1483,0,0,1
"4572",1483,1,0,1
"4573",1483,2,0,1
"4574",1483,3,0,1
"4575",1484,0,0,1
"4576",1484,1,0,1
"4577",1484,2,0,1
"4578",1484,3,0,1
"4579",1485,0,0,1
"4580",1485,1,0,1
"4581",1485,2,0,1
"4582",1485,3,0,1
"4583",1486,0,0,1
"4584",1486,1,0,1
"4585",1486,2,0,1
"4586",1486,3,0,1
"4587",1488,0,0,1
"4588",1488,1,0,1
"4589",1488,2,0,1
"4590",1488,3,0,1
"4591",1489,0,1,1
"4592",1489,1,0,0
"4593",1489,2,1,0
"4594",1489,3,1,0
"4595",1491,0,0,0
"4596",1491,1,1,1
"4597",1491,2,1,0
"4598",1491,3,1,1
"4599",1494,0,1,1
"4600",1498,0,1,1
"4601",1498,1,1,1
"4602",1498,2,1,1
"4603",1498,3,0,1
"4604",1499,0,0,1
"4605",1499,1,0,1
"4606",1499,2,0,0
"4607",1499,3,0,1
"4608",1500,0,1,1
"4609",1500,1,0,1
"4610",1500,2,0,1
"4611",1500,3,0,1
"4612",1501,0,1,1
"4613",1501,1,1,1
"4614",1501,2,1,0
"4615",1501,3,1,0
"4616",1502,0,1,1
"4617",1502,1,0,1
"4618",1502,2,0,1
"4619",1502,3,0,1
"4620",1503,0,1,1
"4621",1503,1,1,1
"4622",1503,2,1,1
"4623",1503,3,1,1
"4624",1505,0,0,1
"4625",1505,1,0,1
"4626",1505,2,0,1
"4627",1505,3,0,1
"4628",1506,0,1,1
"4629",1506,1,0,1
"4630",1506,2,1,1
"4631",1506,3,1,1
"4632",1507,0,0,1
"4633",1507,1,0,1
"4634",1507,2,0,1
"4635",1507,3,0,1
"4636",1508,0,1,1
"4637",1508,1,1,1
"4638",1508,2,1,1
"4639",1508,3,0,1
"4640",1509,0,1,0
"4641",1509,1,1,0
"4642",1509,2,1,0
"4643",1509,3,1,0
"4644",1510,0,1,0
"4645",1510,1,1,0
"4646",1510,2,1,0
"4647",1510,3,1,0
"4648",1511,0,1,0
"4649",1511,1,0,0
"4650",1511,2,0,0
"4651",1511,3,0,0
"4652",1512,0,0,0
"4653",1512,1,0,0
"4654",1512,2,0,1
"4655",1512,3,0,1
"4656",1513,0,0,0
"4657",1513,1,0,0
"4658",1513,2,0,1
"4659",1513,3,0,1
"4660",1515,0,0,0
"4661",1515,1,1,0
"4662",1515,2,1,0
"4663",1515,3,0,0
"4664",1517,0,1,0
"4665",1517,1,0,0
"4666",1517,2,0,1
"4667",1517,3,1,1
"4668",1518,0,0,1
"4669",1518,1,0,1
"4670",1518,2,0,1
"4671",1518,3,0,1
"4672",1519,0,0,1
"4673",1519,1,0,1
"4674",1519,2,0,1
"4675",1519,3,0,1
"4676",1520,0,0,1
"4677",1520,1,1,1
"4678",1520,2,0,1
"4679",1520,3,0,1
"4680",1522,0,0,1
"4681",1522,1,0,1
"4682",1522,2,0,1
"4683",1522,3,0,1
"4684",1523,0,1,1
"4685",1523,1,0,1
"4686",1523,2,0,1
"4687",1523,3,0,1
"4688",1524,0,1,1
"4689",1524,1,0,1
"4690",1524,2,0,1
"4691",1524,3,0,1
"4692",1525,0,0,1
"4693",1525,1,0,1
"4694",1525,2,0,1
"4695",1525,3,0,1
"4696",1526,0,0,1
"4697",1526,1,0,1
"4698",1526,2,0,1
"4699",1526,3,1,1
"4700",1527,0,0,1
"4701",1527,1,0,1
"4702",1527,2,0,1
"4703",1527,3,0,1
"4704",1528,0,0,1
"4705",1528,1,0,1
"4706",1528,2,0,1
"4707",1528,3,0,1
"4708",1529,0,0,1
"4709",1529,1,0,1
"4710",1529,2,0,1
"4711",1529,3,0,0
"4712",1530,0,0,1
"4713",1530,1,0,1
"4714",1530,2,0,1
"4715",1530,3,0,1
"4716",1531,0,0,1
"4717",1531,1,0,1
"4718",1531,2,0,1
"4719",1531,3,0,1
"4720",1532,0,0,1
"4721",1532,1,0,1
"4722",1532,2,0,1
"4723",1532,3,0,1
"4724",1533,0,0,1
"4725",1533,1,0,1
"4726",1533,2,0,1
"4727",1533,3,0,0
"4728",1534,0,1,1
"4729",1534,1,1,1
"4730",1534,2,1,1
"4731",1534,3,1,1
"4732",1535,0,0,1
"4733",1535,1,0,1
"4734",1535,2,0,1
"4735",1535,3,0,1
"4736",1536,0,0,1
"4737",1536,1,0,1
"4738",1536,2,0,1
"4739",1536,3,0,1
"4740",1537,0,0,1
"4741",1537,1,0,1
"4742",1537,2,0,1
"4743",1537,3,0,1
"4744",1538,0,1,0
"4745",1538,1,1,0
"4746",1538,2,1,0
"4747",1538,3,1,0
"4748",1539,0,1,1
"4749",1539,1,1,0
"4750",1539,2,0,0
"4751",1539,3,1,0
"4752",1541,0,0,1
"4753",1541,1,0,1
"4754",1541,2,0,1
"4755",1541,3,0,1
"4756",1542,0,0,1
"4757",1542,1,0,1
"4758",1542,2,0,1
"4759",1542,3,0,1
"4760",1543,0,0,1
"4761",1543,1,0,1
"4762",1543,2,0,1
"4763",1543,3,0,1
"4764",1544,0,0,1
"4765",1544,1,0,1
"4766",1544,2,0,1
"4767",1544,3,0,1
"4768",1545,0,1,0
"4769",1545,1,1,0
"4770",1545,2,1,0
"4771",1545,3,1,0
"4772",1546,0,1,0
"4773",1546,1,0,1
"4774",1546,2,0,1
"4775",1546,3,0,1
"4776",1547,0,1,0
"4777",1547,1,0,1
"4778",1547,2,0,1
"4779",1547,3,0,0
"4780",1548,0,0,1
"4781",1548,1,1,1
"4782",1548,2,1,1
"4783",1548,3,1,1
"4784",1549,0,1,1
"4785",1549,1,1,1
"4786",1549,2,1,1
"4787",1549,3,1,1
"4788",1550,0,0,1
"4789",1550,1,0,1
"4790",1550,2,0,1
"4791",1550,3,0,1
"4792",1551,0,0,1
"4793",1551,1,0,1
"4794",1551,2,0,1
"4795",1551,3,0,1
"4796",1552,0,0,1
"4797",1552,1,0,1
"4798",1552,2,0,1
"4799",1552,3,1,1
"4800",1553,0,1,1
"4801",1553,1,1,1
"4802",1553,2,1,0
"4803",1553,3,1,1
"4804",1554,0,1,0
"4805",1554,1,1,1
"4806",1554,2,1,1
"4807",1554,3,1,0
"4808",1555,0,1,1
"4809",1555,1,1,0
"4810",1555,2,0,0
"4811",1555,3,1,0
"4812",1556,0,0,1
"4813",1556,1,0,1
"4814",1556,2,0,1
"4815",1556,3,0,1
"4816",1557,0,1,0
"4817",1557,1,0,0
"4818",1557,2,0,0
"4819",1557,3,0,0
"4820",1558,0,1,0
"4821",1558,1,0,0
"4822",1558,2,1,0
"4823",1558,3,0,0
"4824",1559,0,0,1
"4825",1559,1,0,1
"4826",1559,2,0,1
"4827",1559,3,0,1
